timestamp,actual,naive,arima,lstm,tcn
2013-12-16 00:00:00+01:00,232.18988037109375,957.7267456054688,268.2246230294247,268.39949286619077,264.6872706407656
2013-12-16 00:10:00+01:00,246.4506378173828,1134.36083984375,250.43201343900137,245.87772731770482,251.59756089020152
2013-12-16 00:20:00+01:00,214.63658142089844,1129.50732421875,251.83180465357353,244.72924195708697,253.29029415327585
2013-12-16 00:30:00+01:00,219.90701293945312,1247.9140625,232.41145932236236,224.43675791035733,225.85039137251587
2013-12-16 00:40:00+01:00,268.1308898925781,1277.8326416015625,234.41878093030945,220.48962457522984,232.83252548901308
2013-12-16 00:50:00+01:00,221.68804931640625,1365.8702392578125,255.44458951322486,244.13827590019008,252.46873244909875
2013-12-16 01:00:00+01:00,222.30825805664062,1628.26611328125,237.3709809561098,227.6848182595364,228.74492750897656
2013-12-16 01:10:00+01:00,211.72433471679688,1455.8026123046875,237.60474643143903,224.72433328350968,236.1087382274216
2013-12-16 01:20:00+01:00,228.36709594726562,1502.3126220703125,216.3512789526216,217.1216346752184,213.1231869459298
2013-12-16 01:30:00+01:00,209.08351135253906,1743.5911865234375,224.5289483862841,223.68173517720868,228.7528494581371
2013-12-16 01:40:00+01:00,192.9137420654297,1844.57568359375,211.81131583430223,214.707028152137,212.5723054653566
2013-12-16 01:50:00+01:00,192.7650146484375,1706.7008056640625,202.1426268640325,202.62315486124663,201.46433942747234
2013-12-16 02:00:00+01:00,206.97308349609375,1746.52587890625,194.35545948010713,197.58486390152956,197.7790821910079
2013-12-16 02:10:00+01:00,234.1046600341797,1646.86279296875,200.22922786404405,202.5372960127576,211.13893843687708
2013-12-16 02:20:00+01:00,206.42861938476562,1613.22021484375,219.3793631279795,218.8482100530137,228.72940623176885
2013-12-16 02:30:00+01:00,206.32528686523438,1639.2960205078125,211.23756551175268,210.74043117373932,210.31940002561797
2013-12-16 02:40:00+01:00,195.28280639648438,1669.6033935546875,210.9718154405248,209.86825691070547,210.70319934091458
2013-12-16 02:50:00+01:00,187.5159149169922,1530.8673095703125,195.98639703042502,203.14243456958104,196.16000932130794
2013-12-16 03:00:00+01:00,169.92991638183594,1597.0030517578125,189.4220663862717,196.08551876895245,188.81732756416056
2013-12-16 03:10:00+01:00,193.78353881835938,1529.9921875,174.1298706203601,182.34071709440036,174.10156815653679
2013-12-16 03:20:00+01:00,169.87399291992188,1255.3953857421875,183.77477500613665,189.99970111521932,185.45786159556692
2013-12-16 03:30:00+01:00,167.73362731933594,1241.6431884765625,170.47646264136844,177.88604595203276,168.85607357422475
2013-12-16 03:40:00+01:00,196.84103393554688,1205.567626953125,171.38243820616304,172.52349679209894,173.31857912551632
2013-12-16 03:50:00+01:00,163.31661987304688,1061.0589599609375,181.3707799842408,185.61868188744327,185.70494798982207
2013-12-16 04:00:00+01:00,164.88987731933594,935.5220336914062,166.6959107786635,171.75672265803078,170.96631813059258
2013-12-16 04:10:00+01:00,213.83914184570312,910.727294921875,166.50270175486432,168.9005544026302,172.07924942589415
2013-12-16 04:20:00+01:00,168.6627197265625,852.8280639648438,183.05011947712276,193.87301738114874,199.25917830207788
2013-12-16 04:30:00+01:00,166.91851806640625,814.0933837890625,166.0719081846208,179.72231700735358,175.81241683271253
2013-12-16 04:40:00+01:00,187.4583740234375,714.8816528320312,165.9967684126599,176.60957382184222,179.17338105745108
2013-12-16 04:50:00+01:00,171.63751220703125,592.0689697265625,165.53617613218972,187.39217657636306,180.7978235434311
2013-12-16 05:00:00+01:00,169.25965881347656,570.1552734375,162.5042757318394,183.1130598582752,174.72493147472454
2013-12-16 05:10:00+01:00,178.00411987304688,394.2449645996094,164.55819483984706,181.8184360939521,174.9418314725028
2013-12-16 05:20:00+01:00,168.9212646484375,274.626953125,167.52178155117173,187.16367873900626,174.4070380209926
2013-12-16 05:30:00+01:00,171.16241455078125,243.25465393066406,166.76813899192234,184.47817773610424,172.18803044935498
2013-12-16 05:40:00+01:00,205.2234344482422,240.17556762695312,170.96750480875272,185.89729446632052,179.40424707929617
2013-12-16 05:50:00+01:00,189.87571716308594,213.4385986328125,190.67195579872356,207.45338299172548,200.31693446016857
2013-12-16 06:00:00+01:00,199.5276641845703,206.1868438720703,190.81294317626055,208.823973988408,194.16428975159084
2013-12-16 06:10:00+01:00,182.89712524414062,213.62037658691406,203.53268837177254,218.80171294332823,204.85985733049915
2013-12-16 06:20:00+01:00,229.88230895996094,220.3898468017578,191.28806321721268,213.25686386734327,185.9561087543874
2013-12-16 06:30:00+01:00,194.64495849609375,263.17498779296875,221.91547120597352,242.22786642110532,226.40302819634326
2013-12-16 06:40:00+01:00,224.58917236328125,252.20762634277344,207.40810200890164,231.38717610569353,202.5636815796906
2013-12-16 06:50:00+01:00,237.17327880859375,241.4323272705078,236.5148282029568,249.01463175153904,229.29195999817895
2013-12-16 07:00:00+01:00,303.3206787109375,302.59893798828125,243.38023028937445,263.8730936031658,235.35101445827843
2013-12-16 07:10:00+01:00,308.5209655761719,264.2826843261719,303.4857048319564,314.59049973934333,304.39456037574234
2013-12-16 07:20:00+01:00,344.40997314453125,218.83358764648438,328.65104685139767,344.0751170358023,317.1139693937509
2013-12-16 07:30:00+01:00,428.8804931640625,234.37657165527344,379.35107142898164,387.3644620741567,366.32496075780386
2013-12-16 07:40:00+01:00,472.6700439453125,214.0987091064453,446.0804896246621,468.79573745820693,457.3716685080752
2013-12-16 07:50:00+01:00,609.2557983398438,223.0541229248047,513.8804384151694,540.5695752971778,505.4991344575157
2013-12-16 08:00:00+01:00,728.3173217773438,224.95204162597656,649.4201581278265,675.9502185395893,642.5683130414568
2013-12-16 08:10:00+01:00,860.0230712890625,240.87890625,781.1061069566917,825.5444328516995,788.4645044271003
2013-12-16 08:20:00+01:00,1125.8514404296875,253.77218627929688,957.9666968446497,988.7295486369528,987.6370356729419
2013-12-16 08:30:00+01:00,1168.1612548828125,260.2268371582031,1210.785327835184,1247.2397968038508,1368.7929105044807
2013-12-16 08:40:00+01:00,1387.155029296875,272.8506164550781,1347.7956397472594,1372.6042290579062,1468.0060337985342
2013-12-16 08:50:00+01:00,1756.50634765625,264.0875244140625,1583.5959034792968,1561.5447850299352,1674.938142866819
2013-12-16 09:00:00+01:00,2052.433349609375,310.00616455078125,1853.044754857939,1866.727772693637,1948.7640723231489
2013-12-16 09:10:00+01:00,2183.59619140625,267.5632019042969,2167.700424501893,2168.615552591706,2151.105818583099
2013-12-16 09:20:00+01:00,2043.354248046875,275.02362060546875,2372.2623088427526,2356.415613737627,2251.743179030038
2013-12-16 09:30:00+01:00,2211.98095703125,284.0787048339844,2313.809668624833,2304.4964152552125,2209.9712338487757
2013-12-16 09:40:00+01:00,2340.45947265625,301.4908142089844,2371.4023465337823,2362.013698334233,2333.969139969469
2013-12-16 09:50:00+01:00,2499.440185546875,383.1866455078125,2412.7665489049064,2440.7279556004455,2430.274159284084
2013-12-16 10:00:00+01:00,2422.349853515625,374.5168151855469,2576.1644400492087,2556.337913292649,2482.4477976383996
2013-12-16 10:10:00+01:00,2569.77978515625,403.271240234375,2581.709873467509,2544.108119667365,2510.852967987266
2013-12-16 10:20:00+01:00,2579.76123046875,325.873046875,2704.0949612215,2618.3444159576757,2605.100793119266
2013-12-16 10:30:00+01:00,2654.053955078125,373.0206298828125,2721.203182399737,2647.772166972503,2644.6533024056253
2013-12-16 10:40:00+01:00,2848.7236328125,421.317626953125,2816.9304272408403,2699.6470275751294,2706.2287776006456
2013-12-16 10:50:00+01:00,2786.207275390625,408.50286865234375,2942.819163454301,2832.703727165511,2759.1854280117036
2013-12-16 11:00:00+01:00,2861.645751953125,397.1748352050781,2944.763630143933,2853.673183342413,2776.6417147858497
2013-12-16 11:10:00+01:00,2811.427001953125,385.791748046875,3001.0630829196366,2903.9091489081748,2845.9441646615496
2013-12-16 11:20:00+01:00,2873.90283203125,384.03326416015625,2932.31511782478,2894.748298648137,2846.050307769028
2013-12-16 11:30:00+01:00,2930.762939453125,437.61187744140625,2961.637187781791,2927.353643106963,2894.811952458252
2013-12-16 11:40:00+01:00,3040.112060546875,468.2718200683594,2979.828713389724,2978.6152340029494,2945.8341049860533
2013-12-16 11:50:00+01:00,3118.576904296875,460.2287902832031,3077.7242898430873,3070.2712869095285,3062.735488278013
2013-12-16 12:00:00+01:00,2854.662353515625,461.2698669433594,3173.2984759202573,3163.0095959565438,3146.1943784400437
2013-12-16 12:10:00+01:00,2981.66650390625,452.1032409667969,3070.706431134663,3052.5614246978635,3065.958553356127
2013-12-16 12:20:00+01:00,3125.84375,521.8203125,3142.719282720416,3056.1604984962055,3145.038533809924
2013-12-16 12:30:00+01:00,3391.408935546875,455.2434997558594,3213.053441111487,3132.9198287650634,3219.011863230864
2013-12-16 12:40:00+01:00,3522.35009765625,515.8655395507812,3468.800043786145,3315.3701261534065,3405.2760441568403
2013-12-16 12:50:00+01:00,3438.226318359375,524.9861450195312,3635.2086069762336,3481.9421137778563,3503.2899796334846
2013-12-16 13:00:00+01:00,3530.88720703125,568.1585693359375,3655.920747537772,3513.2579679057167,3478.171672229602
2013-12-16 13:10:00+01:00,3249.53564453125,545.4894409179688,3689.7798193038634,3554.5167087710747,3548.2873267918903
2013-12-16 13:20:00+01:00,3270.111572265625,521.9415893554688,3467.161859365636,3407.884097781974,3360.463619887971
2013-12-16 13:30:00+01:00,3355.132568359375,584.4990234375,3418.1833512780813,3319.706520872685,3354.0456477950497
2013-12-16 13:40:00+01:00,3163.860107421875,544.5050659179688,3374.179325707285,3315.1053416781565,3349.0330051450474
2013-12-16 13:50:00+01:00,3426.361572265625,576.5380249023438,3268.2199296864947,3215.627954512517,3213.115387762963
2013-12-16 14:00:00+01:00,3390.732666015625,608.855224609375,3395.025809449275,3293.002640313677,3327.4228180099376
2013-12-16 14:10:00+01:00,3217.6748046875,574.118896484375,3362.0436084768307,3329.6076947438078,3311.0119144120285
2013-12-16 14:20:00+01:00,3293.2998046875,597.5659790039062,3311.345819355887,3255.2234166087874,3229.595354333793
2013-12-16 14:30:00+01:00,3250.974853515625,545.3737182617188,3293.4583367831647,3243.2828946748627,3242.800509260563
2013-12-16 14:40:00+01:00,2988.67578125,583.58544921875,3233.638670181184,3216.7282534058722,3226.7129328130195
2013-12-16 14:50:00+01:00,2891.0244140625,579.2562866210938,3081.6433102640717,3061.6238251504956,3062.833537312071
2013-12-16 15:00:00+01:00,2885.945068359375,614.3338012695312,2959.1429137060454,2917.6631212089073,2970.8953644748794
2013-12-16 15:10:00+01:00,3058.13427734375,660.31005859375,2888.429910911803,2840.4093530175965,2955.2760205930626
2013-12-16 15:20:00+01:00,2785.33935546875,630.1401977539062,2992.789536895128,2898.1401237010446,3058.077981008299
2013-12-16 15:30:00+01:00,3014.155517578125,688.5079956054688,2880.787722353095,2803.31920262894,2902.669885174986
2013-12-16 15:40:00+01:00,2961.349365234375,669.7483520507812,3032.3541296216563,2865.138524861017,3027.3922855083606
2013-12-16 15:50:00+01:00,2770.282958984375,756.3937377929688,2986.0647638142937,2884.5686306803236,3001.0024493787955
2013-12-16 16:00:00+01:00,2893.54150390625,651.99609375,2931.155762105332,2793.077353913413,2866.120786896594
2013-12-16 16:10:00+01:00,3021.91015625,682.154052734375,2942.083041240508,2799.393699657726,2905.710466121273
2013-12-16 16:20:00+01:00,3028.218505859375,642.4847412109375,2985.322042404406,2875.7706770364985,2956.5696046913536
2013-12-16 16:30:00+01:00,3020.550048828125,780.3023071289062,3030.668941506818,2930.6550874729487,2924.2466085673973
2013-12-16 16:40:00+01:00,2886.45556640625,733.3014526367188,3028.1245339160387,2956.3650150530657,2966.632639179877
2013-12-16 16:50:00+01:00,2971.204833984375,663.2268676757812,2920.1160260261145,2894.8955782176986,2863.024406194229
2013-12-16 17:00:00+01:00,2918.588623046875,705.7347412109375,2926.054487521747,2896.2448453509046,2899.533720304792
2013-12-16 17:10:00+01:00,2771.498779296875,798.04736328125,2862.4914175167482,2872.9692013985164,2852.415687702937
2013-12-16 17:20:00+01:00,2934.119873046875,650.0516357421875,2773.8590820787067,2781.822312974938,2775.2772478045567
2013-12-16 17:30:00+01:00,2954.75146484375,698.8134765625,2810.5836430027916,2813.0751791893886,2803.9885963868164
2013-12-16 17:40:00+01:00,2941.66845703125,645.91259765625,2803.2971042967,2852.450738767845,2796.875820561582
2013-12-16 17:50:00+01:00,2747.211181640625,818.2466430664062,2827.0993114272064,2872.0013100758147,2750.799709217173
2013-12-16 18:00:00+01:00,2658.786865234375,638.7757568359375,2694.6319122204104,2777.7568263456124,2633.6971804586706
2013-12-16 18:10:00+01:00,2650.05859375,683.179443359375,2597.5601964572475,2669.3200913151404,2541.4616843844615
2013-12-16 18:20:00+01:00,2317.72509765625,632.7706909179688,2531.08678537286,2604.408115286489,2477.948463048344
2013-12-16 18:30:00+01:00,2560.46826171875,644.2330322265625,2318.7496848889296,2392.904659614762,2287.8596751911664
2013-12-16 18:40:00+01:00,2174.4462890625,650.6837768554688,2398.1692280264506,2405.9544502605445,2315.9570188229495
2013-12-16 18:50:00+01:00,2060.104736328125,616.4276123046875,2135.0243074275786,2223.5990819855483,2067.929595069427
2013-12-16 19:00:00+01:00,2025.34521484375,640.2410888671875,2049.4230666388853,2060.249686239584,2006.7030022858953
2013-12-16 19:10:00+01:00,1840.8709716796875,659.4586181640625,1902.4806060683923,1959.1629249674197,1911.387615296257
2013-12-16 19:20:00+01:00,1864.1748046875,565.1807861328125,1761.0602516462193,1814.8483644106734,1804.9301088790849
2013-12-16 19:30:00+01:00,1815.919677734375,529.3002319335938,1721.276481440448,1757.740965613642,1770.689242903106
2013-12-16 19:40:00+01:00,1556.177001953125,547.76171875,1651.5214113012394,1713.5534829273188,1699.0754757145078
2013-12-16 19:50:00+01:00,1483.8280029296875,470.5584716796875,1507.1932589816354,1555.6947678783195,1489.2133311988339
2013-12-16 20:00:00+01:00,1350.4185791015625,434.2098693847656,1420.1269865856952,1434.3624902908218,1433.2454751581004
2013-12-16 20:10:00+01:00,1286.62158203125,452.1059875488281,1295.6279650896681,1303.1104091450024,1315.384545758507
2013-12-16 20:20:00+01:00,1215.8221435546875,438.89739990234375,1244.1223879129006,1208.0030359238276,1259.2224757163017
2013-12-16 20:30:00+01:00,1162.7462158203125,382.8554382324219,1178.192375303659,1130.315599717464,1183.8961264923212
2013-12-16 20:40:00+01:00,1167.423095703125,413.78155517578125,1133.912419464728,1072.0029714585,1143.1743541492579
2013-12-16 20:50:00+01:00,962.3013916015625,382.2546691894531,1116.8736253062682,1054.3676173330282,1120.475403547521
2013-12-16 21:00:00+01:00,951.8954467773438,385.3298645019531,985.1593640570676,943.4886144180612,967.9430428907971
2013-12-16 21:10:00+01:00,927.246337890625,400.9537353515625,943.6262894298266,888.400784922297,944.4774997565412
2013-12-16 21:20:00+01:00,875.9510498046875,363.7834777832031,882.1784078429923,853.8600292476617,911.978814440346
2013-12-16 21:30:00+01:00,853.0675048828125,383.6260681152344,851.8706374978668,818.2123025607702,876.023738248164
2013-12-16 21:40:00+01:00,817.6552124023438,384.9312438964844,824.4448677188686,796.7271574226589,827.8417748761792
2013-12-16 21:50:00+01:00,764.6574096679688,399.5326843261719,791.8408323089177,774.1590201124766,796.145604770773
2013-12-16 22:00:00+01:00,819.155517578125,403.2884521484375,753.3147795057671,739.775494990685,754.816948998361
2013-12-16 22:10:00+01:00,746.0706787109375,367.3488464355469,769.4151239367496,759.2826137272057,766.0542280621006
2013-12-16 22:20:00+01:00,672.6377563476562,330.2740173339844,725.2209978997445,732.6719514725906,717.8368779847626
2013-12-16 22:30:00+01:00,686.4749145507812,340.2080993652344,679.4528886757173,681.3546006600728,682.2750633753332
2013-12-16 22:40:00+01:00,691.576904296875,359.2253723144531,653.4719995474458,668.0723845294611,666.6144953929819
2013-12-16 22:50:00+01:00,721.8353881835938,403.9897766113281,641.0408928435762,667.1042985413443,653.3220765387338
2013-12-16 23:00:00+01:00,670.4379272460938,329.934326171875,660.2940519175179,688.6305224051403,672.2524464649615
2013-12-16 23:10:00+01:00,651.578369140625,344.0484619140625,634.3721281475875,671.9840477573861,647.7265693300872
2013-12-16 23:20:00+01:00,609.9293823242188,329.43475341796875,621.116713470512,655.8248979018913,646.9472796364719
2013-12-16 23:30:00+01:00,588.9924926757812,298.96539306640625,584.4192524684291,623.1273620947093,619.5617239776363
2013-12-16 23:40:00+01:00,525.409912109375,283.5064697265625,567.6892959573289,596.3853041151118,606.4000266137766
2013-12-16 23:50:00+01:00,516.7734375,252.53775024414062,524.2951783135794,545.4512751190479,546.6177276123293
2013-12-17 00:00:00+01:00,467.06072998046875,232.18988037109375,512.0349063766429,519.5670031633703,537.3709856359718
2013-12-17 00:10:00+01:00,495.0310363769531,246.4506378173828,474.2012373692201,478.32198081804006,487.0322073238939
2013-12-17 00:20:00+01:00,440.1905822753906,214.63658142089844,488.2608419425148,478.8646982414925,496.445809073867
2013-12-17 00:30:00+01:00,458.8445129394531,219.90701293945312,452.7150180535034,446.9405775174701,451.9027128243183
2013-12-17 00:40:00+01:00,489.79425048828125,268.1308898925781,464.2536398197854,446.8130746194612,466.4961172352954
2013-12-17 00:50:00+01:00,408.49871826171875,221.68804931640625,471.05682715542054,464.6444180078186,465.5977044951578
2013-12-17 01:00:00+01:00,388.2889404296875,222.30825805664062,431.10447642316916,425.6459807584125,431.41275614059504
2013-12-17 01:10:00+01:00,415.6460266113281,211.72433471679688,405.5418067758547,399.89490630760145,413.6709967201533
2013-12-17 01:20:00+01:00,387.5083923339844,228.36709594726562,395.88447140450165,404.0351125593326,408.2762410707635
2013-12-17 01:30:00+01:00,314.928466796875,209.08351135253906,379.5933211744099,388.8192838140619,392.54043631623915
2013-12-17 01:40:00+01:00,360.4595947265625,192.9137420654297,334.63224228870956,340.24494997565984,345.27295345767163
2013-12-17 01:50:00+01:00,302.2349548339844,192.7650146484375,342.23508553398415,348.2227129097982,360.22262893819425
2013-12-17 02:00:00+01:00,288.7283935546875,206.97308349609375,301.90477504014933,315.8528975552769,316.286863533523
2013-12-17 02:10:00+01:00,350.7153625488281,234.1046600341797,296.8033823704294,297.14322079872665,315.7585095565746
2013-12-17 02:20:00+01:00,315.4391784667969,206.42861938476562,315.88734873962386,322.8074535621514,320.71505107697095
2013-12-17 02:30:00+01:00,325.18701171875,206.32528686523438,306.4605369528613,314.1313481489929,308.4388680578894
2013-12-17 02:40:00+01:00,376.6316223144531,195.28280639648438,319.9688618462277,319.1724627885113,330.71458548299
2013-12-17 02:50:00+01:00,344.88116455078125,187.5159149169922,338.82200698824624,350.15414987970297,344.1398583939409
2013-12-17 03:00:00+01:00,306.3180847167969,169.92991638183594,333.41927693144805,346.4230953714396,338.98331555897454
2013-12-17 03:10:00+01:00,379.1304626464844,193.78353881835938,315.12671816237633,324.4352967712664,322.51024751577097
2013-12-17 03:20:00+01:00,325.1787414550781,169.87399291992188,341.9779859793031,357.92956424602113,354.36397542968774
2013-12-17 03:30:00+01:00,319.287109375,167.73362731933594,317.914263828569,338.2274783687308,321.47999116639033
2013-12-17 03:40:00+01:00,333.0001525878906,196.84103393554688,324.08914324792465,329.3599758109143,332.45047575790886
2013-12-17 03:50:00+01:00,284.9195556640625,163.31661987304688,316.70281280049755,332.8354387045883,322.0136074682167
2013-12-17 04:00:00+01:00,282.0920715332031,164.88987731933594,290.49461078173937,304.1298715054542,298.1423966163576
2013-12-17 04:10:00+01:00,316.85693359375,213.83914184570312,280.7352988749861,292.0904473262087,301.17734950350695
2013-12-17 04:20:00+01:00,279.5386657714844,168.6627197265625,285.72358905866815,305.859401918882,303.9725550708568
2013-12-17 04:30:00+01:00,316.0895690917969,166.91851806640625,268.57340237525693,288.57025992222106,287.922358391108
2013-12-17 04:40:00+01:00,313.3697204589844,187.4583740234375,287.85513271095823,304.61771927528065,320.276517078849
2013-12-17 04:50:00+01:00,296.6811828613281,171.63751220703125,282.380137674035,308.7877313893284,305.88760763158626
2013-12-17 05:00:00+01:00,290.3907165527344,169.25965881347656,284.1154553608843,302.1515300190571,308.7706410435688
2013-12-17 05:10:00+01:00,339.114013671875,178.00411987304688,278.7818740394842,296.74564054694235,304.8784806809336
2013-12-17 05:20:00+01:00,308.09246826171875,168.9212646484375,306.5602781972104,323.03327812129436,328.868175081891
2013-12-17 05:30:00+01:00,294.46112060546875,171.16241455078125,302.2451806338864,314.96655535116,317.14632916753266
2013-12-17 05:40:00+01:00,315.0318908691406,205.2234344482422,304.7597670807632,306.0968340580161,317.89467443851464
2013-12-17 05:50:00+01:00,331.9913330078125,189.87571716308594,309.43130155946017,315.4434948906337,324.6007829175708
2013-12-17 06:00:00+01:00,317.0409851074219,199.5276641845703,324.5209630398857,328.99132326503593,345.00787937950355
2013-12-17 06:10:00+01:00,330.7333984375,182.89712524414062,326.6837812883456,326.40601980809635,341.6221883122541
2013-12-17 06:20:00+01:00,338.5260925292969,229.88230895996094,338.26099562503936,336.11094414989617,349.10752858336963
2013-12-17 06:30:00+01:00,311.9849548339844,194.64495849609375,345.20383682229306,345.78461590999564,360.1519132102724
2013-12-17 06:40:00+01:00,377.2445983886719,224.58917236328125,339.00896642018756,334.3202257656286,350.3957140924387
2013-12-17 06:50:00+01:00,364.60797119140625,237.17327880859375,382.583818905453,373.47815787327784,396.5282653224432
2013-12-17 07:00:00+01:00,463.99981689453125,303.3206787109375,388.08821609398774,381.94902494287885,386.3454787137779
2013-12-17 07:10:00+01:00,515.5595703125,308.5209655761719,477.78319830978154,455.2353471687838,492.6232624596751
2013-12-17 07:20:00+01:00,516.2354125976562,344.40997314453125,533.6061832645197,527.0661480295548,530.9592297524816
2013-12-17 07:30:00+01:00,538.0558471679688,428.8804931640625,588.2115213916286,573.6695058539767,575.7737831663214
2013-12-17 07:40:00+01:00,723.585205078125,472.6700439453125,621.5344971037302,627.2218231806814,597.6688661781693
2013-12-17 07:50:00+01:00,763.5819091796875,609.2557983398438,758.598379113819,807.9022100318555,770.2619406386958
2013-12-17 08:00:00+01:00,728.2444458007812,728.3173217773438,849.388151848974,936.46071200467,838.2323472747967
2013-12-17 08:10:00+01:00,929.1892700195312,860.0230712890625,906.2159687090679,978.056089221297,835.8306554955186
2013-12-17 08:20:00+01:00,1197.862548828125,1125.8514404296875,1054.3544812466675,1170.9640944360258,1056.9595047228477
2013-12-17 08:30:00+01:00,1237.7401123046875,1168.1612548828125,1281.4565210703217,1448.0776590958346,1386.431120883358
2013-12-17 08:40:00+01:00,1657.8984375,1387.155029296875,1456.6462255820657,1559.3529017460364,1516.000171430075
2013-12-17 08:50:00+01:00,1860.291748046875,1756.50634765625,1824.8342441702935,1889.8464298583785,1870.7082632100594
2013-12-17 09:00:00+01:00,2083.8603515625,2052.433349609375,2030.949942918347,2118.4460307238382,2064.4901486618805
2013-12-17 09:10:00+01:00,2054.59423828125,2183.59619140625,2330.049236281944,2325.689373534269,2254.369207198779
2013-12-17 09:20:00+01:00,2340.448974609375,2043.354248046875,2334.86001799041,2350.8338322513528,2283.814557923013
2013-12-17 09:30:00+01:00,2494.369384765625,2211.98095703125,2517.4054274244913,2524.3323806524368,2444.348831206956
2013-12-17 09:40:00+01:00,2697.09326171875,2340.45947265625,2605.584781402578,2660.5230315412878,2566.140146966478
2013-12-17 09:50:00+01:00,2653.804931640625,2499.440185546875,2815.67040673213,2813.0318184138887,2687.6396891293107
2013-12-17 10:00:00+01:00,2913.4267578125,2422.349853515625,2836.676250845262,2820.01786822305,2696.45836184959
2013-12-17 10:10:00+01:00,2943.04931640625,2569.77978515625,3039.852624369538,2961.4629361164425,2881.4330703500113
2013-12-17 10:20:00+01:00,2912.691650390625,2579.76123046875,3097.5495555825532,3025.462404493916,2940.1196729463395
2013-12-17 10:30:00+01:00,2882.7919921875,2654.053955078125,3165.0651034424204,3026.8128005176013,2948.554684338347
2013-12-17 10:40:00+01:00,2897.987548828125,2848.7236328125,3135.0968420263744,3002.399536121194,2935.2002167457686
2013-12-17 10:50:00+01:00,3178.6435546875,2786.207275390625,3121.7576051757474,2995.7144268253273,2965.032617852279
2013-12-17 11:00:00+01:00,2957.5390625,2861.645751953125,3275.0453956842075,3152.5344830159356,3071.981058185231
2013-12-17 11:10:00+01:00,3091.1826171875,2811.427001953125,3165.155039980286,3090.2901630617503,2989.8555712242874
2013-12-17 11:20:00+01:00,2935.685546875,2873.90283203125,3245.447394356248,3137.3649354645304,3078.9962652503514
2013-12-17 11:30:00+01:00,3038.88232421875,2930.762939453125,3079.4432229095573,3062.155841607205,3064.4347885058173
2013-12-17 11:40:00+01:00,3033.99951171875,3040.112060546875,3142.8873551141714,3087.705093100375,3122.8509652405382
2013-12-17 11:50:00+01:00,3046.0048828125,3118.576904296875,3112.1629072163732,3097.144857458843,3111.4910974575937
2013-12-17 12:00:00+01:00,3170.335205078125,2854.662353515625,3164.6790079563743,3112.2759849023396,3140.6888537208847
2013-12-17 12:10:00+01:00,3287.054443359375,2981.66650390625,3259.9509122936875,3195.366675232172,3237.0415503483873
2013-12-17 12:20:00+01:00,3273.39794921875,3125.84375,3388.5327016022557,3308.2280042397433,3331.570641810619
2013-12-17 12:30:00+01:00,3428.189208984375,3391.408935546875,3457.9555244228172,3362.3360279471935,3408.543127964418
2013-12-17 12:40:00+01:00,3300.24365234375,3522.35009765625,3590.2512957603444,3478.836041738228,3548.8040485777487
2013-12-17 12:50:00+01:00,3524.260009765625,3438.226318359375,3526.874702236503,3465.2358134357496,3476.9594873562173
2013-12-17 13:00:00+01:00,3532.397216796875,3530.88720703125,3664.614080351122,3576.070808365259,3591.119869053377
2013-12-17 13:10:00+01:00,3420.438720703125,3249.53564453125,3640.530074050429,3633.4752312514083,3581.8485820016112
2013-12-17 13:20:00+01:00,3283.058837890625,3270.111572265625,3595.7655870490435,3588.5421936166813,3555.7670392042364
2013-12-17 13:30:00+01:00,3427.271484375,3355.132568359375,3440.329963073042,3469.874755802125,3465.790873956134
2013-12-17 13:40:00+01:00,3333.622802734375,3163.860107421875,3446.054231231766,3473.4100744682264,3511.845429563924
2013-12-17 13:50:00+01:00,3423.721435546875,3426.361572265625,3362.6553658681405,3422.600366282018,3418.5109429405475
2013-12-17 14:00:00+01:00,3479.52392578125,3390.732666015625,3421.6753532576304,3436.7222289537863,3446.309187293994
2013-12-17 14:10:00+01:00,3253.9462890625,3217.6748046875,3428.034049819226,3472.3365257147957,3400.5009544478385
2013-12-17 14:20:00+01:00,3157.22119140625,3293.2998046875,3314.270628274816,3364.951099809091,3290.946770900373
2013-12-17 14:30:00+01:00,3336.72265625,3250.974853515625,3207.9035160881426,3240.9335151205028,3195.294003959465
2013-12-17 14:40:00+01:00,3390.991943359375,2988.67578125,3230.7502912040536,3266.210020237744,3275.69605143843
2013-12-17 14:50:00+01:00,3404.924072265625,2891.0244140625,3271.7773378088827,3318.5051937796597,3281.9436287723656
2013-12-17 15:00:00+01:00,3288.24609375,2885.945068359375,3333.195778085532,3357.4640723999046,3297.3147635556525
2013-12-17 15:10:00+01:00,3316.800048828125,3058.13427734375,3277.0966618223974,3313.5099357613535,3272.679723573255
2013-12-17 15:20:00+01:00,3067.677734375,2785.33935546875,3290.4489447629862,3295.0395496045226,3271.235890812723
2013-12-17 15:30:00+01:00,3504.392333984375,3014.155517578125,3137.050335176007,3149.769026451826,3140.5588624875036
2013-12-17 15:40:00+01:00,3546.8486328125,2961.349365234375,3384.4646540579324,3287.84765320067,3335.4805934317947
2013-12-17 15:50:00+01:00,3474.942138671875,2770.282958984375,3444.5979914422355,3409.377200487195,3345.548877689798
2013-12-17 16:00:00+01:00,3474.567626953125,2893.54150390625,3537.1498326674982,3441.147199341027,3338.0226147412322
2013-12-17 16:10:00+01:00,3764.530029296875,3021.91015625,3503.725701045534,3446.0688628021876,3346.2979278853327
2013-12-17 16:20:00+01:00,3574.870849609375,3028.218505859375,3640.61649993121,3585.660654879384,3480.2874478748263
2013-12-17 16:30:00+01:00,3395.23779296875,3020.550048828125,3556.64176344096,3574.835302827543,3376.344683767651
2013-12-17 16:40:00+01:00,3378.86279296875,2886.45556640625,3450.7375395025483,3460.044366011134,3303.3016182845577
2013-12-17 16:50:00+01:00,3221.69482421875,2971.204833984375,3328.0029312094657,3377.1089989238476,3234.3264396221616
2013-12-17 17:00:00+01:00,3290.867919921875,2918.588623046875,3177.1261556757195,3251.982315461514,3137.4109266058363
2013-12-17 17:10:00+01:00,3329.692626953125,2771.498779296875,3171.6743924853295,3220.6430134534594,3127.7264320975914
2013-12-17 17:20:00+01:00,3222.857177734375,2934.119873046875,3151.690735974992,3235.041877832069,3138.925967404705
2013-12-17 17:30:00+01:00,3108.74951171875,2954.75146484375,3099.829142496731,3196.3380802463234,3065.1192656778553
2013-12-17 17:40:00+01:00,2915.651611328125,2941.66845703125,3000.11104754093,3113.505704265961,3007.5881581432477
2013-12-17 17:50:00+01:00,2874.30078125,2747.211181640625,2826.004765798721,2962.8639772099255,2834.5009148821764
2013-12-17 18:00:00+01:00,2772.029052734375,2658.786865234375,2734.454912863833,2857.2558830906332,2743.4627756612276
2013-12-17 18:10:00+01:00,2927.00537109375,2650.05859375,2621.976510615095,2753.098357160042,2648.7890020516625
2013-12-17 18:20:00+01:00,2516.459228515625,2317.72509765625,2684.572473983304,2784.4133830371825,2689.575058824888
2013-12-17 18:30:00+01:00,2449.765380859375,2560.46826171875,2452.154456746936,2596.6902332666014,2427.3530420085526
2013-12-17 18:40:00+01:00,2397.96240234375,2174.4462890625,2375.7973824041924,2451.3926450909894,2364.623734905385
2013-12-17 18:50:00+01:00,2353.1259765625,2060.104736328125,2236.330175118653,2350.3642979221504,2309.4032784949013
2013-12-17 19:00:00+01:00,2134.7421875,2025.34521484375,2187.5589951073553,2281.836989474321,2238.1675380026336
2013-12-17 19:10:00+01:00,2112.63525390625,1840.8709716796875,2025.2018096703093,2135.480193313219,2056.8056009062575
2013-12-17 19:20:00+01:00,1947.93896484375,1864.1748046875,1948.1557575683337,2047.5024314522784,1996.8381813957521
2013-12-17 19:30:00+01:00,1829.268798828125,1815.919677734375,1793.0243760309538,1918.7514828705002,1878.1420549400093
2013-12-17 19:40:00+01:00,1907.5633544921875,1556.177001953125,1693.5303672061734,1789.9884765918857,1771.002926788984
2013-12-17 19:50:00+01:00,1698.4342041015625,1483.8280029296875,1683.9095853830993,1769.4136965104512,1756.427209524136
2013-12-17 20:00:00+01:00,1633.7745361328125,1350.4185791015625,1573.3299532639764,1658.9198204120096,1588.1221790544062
2013-12-17 20:10:00+01:00,1544.1361083984375,1286.62158203125,1538.0446512546405,1568.9154452686707,1531.6723048121587
2013-12-17 20:20:00+01:00,1431.9976806640625,1215.8221435546875,1449.739884776761,1477.6168613224115,1439.268301762854
2013-12-17 20:30:00+01:00,1385.2742919921875,1162.7462158203125,1379.9717040274647,1374.5042107286058,1356.2713268888788
2013-12-17 20:40:00+01:00,1527.5689697265625,1167.423095703125,1326.861172432099,1301.320971503263,1305.4029938984747
2013-12-17 20:50:00+01:00,1436.9327392578125,962.3013916015625,1382.0009458613802,1345.0198754241785,1372.2678441322394
2013-12-17 21:00:00+01:00,1300.83544921875,951.8954467773438,1349.4794289834558,1337.672462698136,1319.2828646792132
2013-12-17 21:10:00+01:00,1182.8038330078125,927.246337890625,1284.670123396864,1267.1637228151524,1228.5134317895277
2013-12-17 21:20:00+01:00,1130.9697265625,875.9510498046875,1165.8996513135694,1164.6977558726364,1151.9924318619605
2013-12-17 21:30:00+01:00,1155.9693603515625,853.0675048828125,1091.4462358411615,1084.5067597247003,1135.0590493541058
2013-12-17 21:40:00+01:00,1180.3082275390625,817.6552124023438,1077.7917554676735,1062.467805981031,1120.9367830861622
2013-12-17 21:50:00+01:00,978.6411743164062,764.6574096679688,1091.6745249044093,1074.401999688611,1102.8889636501444
2013-12-17 22:00:00+01:00,988.7112426757812,819.155517578125,988.4950000694363,977.5207310671176,983.4625556378227
2013-12-17 22:10:00+01:00,1085.0679931640625,746.0706787109375,966.1753913159287,939.4585884968503,967.9929177814507
2013-12-17 22:20:00+01:00,1033.1767578125,672.6377563476562,978.1556898705682,977.3527162701399,1002.1863253068409
2013-12-17 22:30:00+01:00,944.3495483398438,686.4749145507812,973.3207015019084,978.6084772884665,992.503173224118
2013-12-17 22:40:00+01:00,942.0193481445312,691.576904296875,927.4695847950444,934.9711220769133,915.2544504344571
2013-12-17 22:50:00+01:00,967.8114013671875,721.8353881835938,891.2686849123679,914.334899788882,907.3283629991633
2013-12-17 23:00:00+01:00,1005.8289184570312,670.4379272460938,883.7989671266309,921.3109422722932,919.3563043818372
2013-12-17 23:10:00+01:00,907.1660766601562,651.578369140625,909.079446939232,951.5360282436308,942.803379246583
2013-12-17 23:20:00+01:00,756.850830078125,609.9293823242188,866.0381724038331,912.5044167212718,870.3084399912339
2013-12-17 23:30:00+01:00,723.3757934570312,588.9924926757812,771.1439203006803,801.424513138701,783.6258938585711
2013-12-17 23:40:00+01:00,765.8621826171875,525.409912109375,712.7120015793696,730.4572288223953,734.2572168515753
2013-12-17 23:50:00+01:00,716.9841918945312,516.7734375,712.2197488639329,723.7608378528157,718.986867054768
2013-12-18 00:00:00+01:00,661.3385009765625,467.06072998046875,698.9113620468738,696.4401767784589,680.1017358066653
2013-12-18 00:10:00+01:00,632.772216796875,495.0310363769531,676.9638954901623,656.2853250084218,653.5751680997524
2013-12-18 00:20:00+01:00,580.1304931640625,440.1905822753906,645.9447449936503,624.2213918414174,625.4936413642616
2013-12-18 00:30:00+01:00,556.29248046875,458.8445129394531,603.8196603298726,580.4999584298547,591.1350356644946
2013-12-18 00:40:00+01:00,602.6931762695312,489.79425048828125,577.3622303778143,549.565438173956,572.5445520612261
2013-12-18 00:50:00+01:00,549.7470092773438,408.49871826171875,589.2443949048903,564.640732706315,569.0125113850689
2013-12-18 01:00:00+01:00,485.12847900390625,388.2889404296875,558.8908776447645,543.4029210897793,536.3146569249608
2013-12-18 01:10:00+01:00,531.8048706054688,415.6460266113281,515.3159353270657,499.02514267666936,506.80678569001253
2013-12-18 01:20:00+01:00,523.71630859375,387.5083923339844,513.9615618493588,508.80076995193735,518.8669622992564
2013-12-18 01:30:00+01:00,457.691162109375,314.928466796875,501.28697171407646,508.54885696483376,503.40668589210793
2013-12-18 01:40:00+01:00,520.63671875,360.4595947265625,471.279140307325,471.64473143127924,473.11759074988163
2013-12-18 01:50:00+01:00,493.6710205078125,302.2349548339844,492.81888895868354,494.81360283161916,493.80777096731686
2013-12-18 02:00:00+01:00,406.31781005859375,288.7283935546875,475.4445302649382,488.7495530879531,473.37626625786146
2013-12-18 02:10:00+01:00,450.1985168457031,350.7153625488281,435.548689629824,434.95695391203634,432.07881292374236
2013-12-18 02:20:00+01:00,436.3537902832031,315.4391784667969,439.66259571114625,440.45758736182444,450.5991510705071
2013-12-18 02:30:00+01:00,380.0415344238281,325.18701171875,421.2441229205092,432.49435812224004,421.76902126254384
2013-12-18 02:40:00+01:00,439.2201232910156,376.6316223144531,396.8772118230499,396.67491586060834,403.41205506420977
2013-12-18 02:50:00+01:00,414.0452880859375,344.88116455078125,415.2246139053245,417.55448373788687,422.98726196540537
2013-12-18 03:00:00+01:00,377.9306335449219,306.3180847167969,397.93607831958997,410.73240372612537,396.6626179301457
2013-12-18 03:10:00+01:00,423.2731018066406,379.1304626464844,387.3030315871395,388.6230059504229,399.11530144827987
2013-12-18 03:20:00+01:00,431.6105041503906,325.1787414550781,400.10604218140475,406.71537116965703,407.8749894922544
2013-12-18 03:30:00+01:00,381.5679931640625,319.287109375,407.738409781206,418.4396799853843,405.4732310752729
2013-12-18 03:40:00+01:00,433.5382995605469,333.0001525878906,393.13061032642526,394.97776470397696,398.9292235224615
2013-12-18 03:50:00+01:00,402.7005615234375,284.9195556640625,415.41932436695726,417.8010527188575,418.1901377918543
2013-12-18 04:00:00+01:00,372.73590087890625,282.0920715332031,393.84035682328283,407.50234540047853,392.9847955331428
2013-12-18 04:10:00+01:00,415.7556457519531,316.85693359375,381.00317790746914,386.6040875038951,392.57673674964053
2013-12-18 04:20:00+01:00,406.3472900390625,279.5386657714844,387.1932465405568,403.772331976887,402.1607336722034
2013-12-18 04:30:00+01:00,371.6052551269531,316.0895690917969,379.5548017797499,403.86605042805945,393.1026201496663
2013-12-18 04:40:00+01:00,420.7161865234375,313.3697204589844,365.2382861159464,383.92901330014,389.22180702943393
2013-12-18 04:50:00+01:00,392.8664855957031,296.6811828613281,382.27249949825074,406.0933448443213,407.79150917802724
2013-12-18 05:00:00+01:00,370.86358642578125,290.3907165527344,370.04377698180554,397.06920811828496,386.9565808922936
2013-12-18 05:10:00+01:00,419.27398681640625,339.114013671875,369.19389213955526,381.63014704680785,390.5965271613315
2013-12-18 05:20:00+01:00,399.49871826171875,308.09246826171875,391.2453419724315,404.7522011835891,407.9730731030171
2013-12-18 05:30:00+01:00,368.6548156738281,294.46112060546875,391.78154163408504,401.21477254395626,391.374119738983
2013-12-18 05:40:00+01:00,424.99371337890625,315.0318908691406,387.5381799950402,382.4989299232471,389.78859809715703
2013-12-18 05:50:00+01:00,428.4240417480469,331.9913330078125,414.0280619909747,410.27356716186193,417.70611628262486
2013-12-18 06:00:00+01:00,389.5139465332031,317.0409851074219,424.0309031743104,422.85753407565346,416.1740537091783
2013-12-18 06:10:00+01:00,434.3548889160156,330.7333984375,418.9335501161046,405.9433306962764,414.90730952763533
2013-12-18 06:20:00+01:00,427.3218078613281,338.5260925292969,441.0748214490549,430.06181325164886,439.10577235497374
2013-12-18 06:30:00+01:00,394.56573486328125,311.9849548339844,440.62733104419164,435.2501331681273,434.09055259591935
2013-12-18 06:40:00+01:00,496.3794250488281,377.2445983886719,437.4363646731158,418.73457326724434,429.60739544943357
2013-12-18 06:50:00+01:00,473.8197326660156,364.60797119140625,499.27477390386326,479.75643351673676,490.61430620430025
2013-12-18 07:00:00+01:00,486.70123291015625,463.99981689453125,507.4443827085765,491.7432861422121,479.81145130458765
2013-12-18 07:10:00+01:00,599.9542236328125,515.5595703125,552.1022939150413,513.5355810789893,520.7324227828245
2013-12-18 07:20:00+01:00,525.7067260742188,516.2354125976562,627.4166343284775,605.3920646860963,605.985875276519
2013-12-18 07:30:00+01:00,586.379150390625,538.0558471679688,617.9469743718356,598.6344295314738,565.2677615689655
2013-12-18 07:40:00+01:00,784.08837890625,723.585205078125,685.6506647102221,654.835452261352,630.4787743757785
2013-12-18 07:50:00+01:00,714.1670532226562,763.5819091796875,812.8167741993714,829.6392492416458,784.387829688866
2013-12-18 08:00:00+01:00,779.4248657226562,728.2444458007812,850.0883627456168,860.9212251492086,776.4710244727169
2013-12-18 08:10:00+01:00,981.38134765625,929.1892700195312,951.5424986508148,940.3956597105376,871.1980406478389
2013-12-18 08:20:00+01:00,1149.291015625,1197.862548828125,1087.4398659669364,1130.3436376280874,1072.3565350901586
2013-12-18 08:30:00+01:00,1348.96044921875,1237.7401123046875,1291.4459711287514,1330.03875725008,1333.084313633805
2013-12-18 08:40:00+01:00,1568.052978515625,1657.8984375,1541.1926029543276,1550.8427164499121,1591.2488724375867
2013-12-18 08:50:00+01:00,1768.0125732421875,1860.291748046875,1775.0233087094812,1780.011400661749,1741.0806423405097
2013-12-18 09:00:00+01:00,2023.637451171875,2083.8603515625,1994.8538924958168,1986.292027668727,1983.9731075222978
2013-12-18 09:10:00+01:00,2272.90283203125,2054.59423828125,2228.23523316105,2215.8153079238773,2181.788917393758
2013-12-18 09:20:00+01:00,2444.150390625,2340.448974609375,2443.4013871608345,2446.205845825285,2349.4498240310827
2013-12-18 09:30:00+01:00,2440.644775390625,2494.369384765625,2615.2772085103074,2622.654968076666,2500.307816281898
2013-12-18 09:40:00+01:00,2575.36376953125,2697.09326171875,2652.2571810362824,2658.290760795188,2551.0462983958228
2013-12-18 09:50:00+01:00,2680.140869140625,2653.804931640625,2734.740166029225,2725.319744262744,2675.141542426816
2013-12-18 10:00:00+01:00,2715.62158203125,2913.4267578125,2799.927112750796,2789.8481411711264,2753.9026992616064
2013-12-18 10:10:00+01:00,2921.39697265625,2943.04931640625,2875.4809372306026,2820.5696325116405,2817.788806084549
2013-12-18 10:20:00+01:00,2777.68310546875,2912.691650390625,3038.5780003645505,2946.960280408865,2929.9687299306784
2013-12-18 10:30:00+01:00,2773.945556640625,2882.7919921875,2998.419432672939,2907.794660993066,2896.5426863975676
2013-12-18 10:40:00+01:00,2989.9443359375,2897.987548828125,3017.809338928321,2883.4109664835237,2932.8665481261273
2013-12-18 10:50:00+01:00,2846.94091796875,3178.6435546875,3097.6104770206134,2995.3263208263797,2999.8135935548116
2013-12-18 11:00:00+01:00,2811.0322265625,2957.5390625,3033.307619239197,2957.2883300004396,2927.4142271005844
2013-12-18 11:10:00+01:00,3279.4287109375,3091.1826171875,3004.7998839479555,2915.328621492108,2932.7091184146316
2013-12-18 11:20:00+01:00,3163.481689453125,2935.685546875,3207.862216482976,3160.784099815755,3162.3762096321384
2013-12-18 11:30:00+01:00,3015.900146484375,3038.88232421875,3200.009573227531,3211.030464992938,3186.7891205747383
2013-12-18 11:40:00+01:00,3284.27392578125,3033.99951171875,3186.7095591803095,3147.64241079617,3179.3128393798365
2013-12-18 11:50:00+01:00,3299.768798828125,3046.0048828125,3272.4429596515324,3270.11624814428,3272.4800741637355
2013-12-18 12:00:00+01:00,2981.039306640625,3170.335205078125,3315.9408211033865,3342.437264628386,3311.8710326827027
2013-12-18 12:10:00+01:00,3214.531005859375,3287.054443359375,3210.770671368469,3197.582736635063,3262.8021838252957
2013-12-18 12:20:00+01:00,3171.614501953125,3273.39794921875,3313.041848462189,3265.9167748319096,3314.0599890094486
2013-12-18 12:30:00+01:00,3339.468994140625,3428.189208984375,3274.103360821414,3281.2019062874974,3306.7955813037497
2013-12-18 12:40:00+01:00,3410.105224609375,3300.24365234375,3454.8135964803337,3385.65050153239,3473.7410399328023
2013-12-18 12:50:00+01:00,3605.23876953125,3524.260009765625,3502.580864212044,3477.9115079041335,3477.1513697437113
2013-12-18 13:00:00+01:00,3426.00244140625,3532.397216796875,3664.1405608549762,3625.669141675922,3607.689344788334
2013-12-18 13:10:00+01:00,3416.02734375,3420.438720703125,3565.639980477054,3594.310281048713,3577.219602431057
2013-12-18 13:20:00+01:00,3399.9404296875,3283.058837890625,3531.180685468478,3549.857996376239,3605.252100882062
2013-12-18 13:30:00+01:00,3227.80029296875,3427.271484375,3430.3747115215087,3502.668887393268,3509.069711326315
2013-12-18 13:40:00+01:00,3338.310791015625,3333.622802734375,3295.458666169284,3372.369033317513,3415.3119796567926
2013-12-18 13:50:00+01:00,3355.911865234375,3423.721435546875,3301.447997485623,3353.8656178380893,3431.5808842655356
2013-12-18 14:00:00+01:00,3166.156982421875,3479.52392578125,3274.513049189932,3356.0917269184233,3391.156523784325
2013-12-18 14:10:00+01:00,3369.8701171875,3253.9462890625,3182.6627258043936,3253.140633193392,3281.37060955225
2013-12-18 14:20:00+01:00,3113.439453125,3157.22119140625,3254.2022550609604,3298.2048120451154,3328.726396240658
2013-12-18 14:30:00+01:00,3275.35400390625,3336.72265625,3081.973594250964,3191.2218889706983,3176.998483889707
2013-12-18 14:40:00+01:00,3055.241455078125,3390.991943359375,3172.8959870606386,3210.34974791576,3239.9674192721504
2013-12-18 14:50:00+01:00,2968.350830078125,3404.924072265625,2995.315864509795,3108.8236248808635,3092.467707035237
2013-12-18 15:00:00+01:00,2976.442626953125,3288.24609375,2949.225330395621,2999.959749566367,3043.5629107559826
2013-12-18 15:10:00+01:00,2978.914794921875,3316.800048828125,2887.4324135472475,2945.1508603101383,3013.2462659997573
2013-12-18 15:20:00+01:00,2843.1064453125,3067.677734375,2893.956092727367,2922.9980385293047,3015.8970966472375
2013-12-18 15:30:00+01:00,2873.267578125,3504.392333984375,2836.295948113914,2844.0964977222065,2913.4720387097673
2013-12-18 15:40:00+01:00,3034.5830078125,3546.8486328125,2848.731987352554,2816.244142499972,2949.1319070917825
2013-12-18 15:50:00+01:00,2952.283935546875,3474.942138671875,2932.0330133519537,2890.191329856699,3000.0422079791983
2013-12-18 16:00:00+01:00,2992.324462890625,3474.567626953125,2931.4445466062043,2898.876521689639,2950.307044181509
2013-12-18 16:10:00+01:00,3030.43505859375,3764.530029296875,2970.7354052454234,2920.943880124405,2976.896122314176
2013-12-18 16:20:00+01:00,2983.157470703125,3574.870849609375,2959.3314566244394,2951.4155229417797,2991.091421661549
2013-12-18 16:30:00+01:00,2836.9736328125,3395.23779296875,2930.558546480956,2942.4429354545136,2927.314516610547
2013-12-18 16:40:00+01:00,2978.466552734375,3378.86279296875,2818.3340439581334,2855.0423275276494,2830.705068811015
2013-12-18 16:50:00+01:00,3022.286865234375,3221.69482421875,2842.4853954567184,2874.207871744121,2870.4083744662194
2013-12-18 17:00:00+01:00,2991.586669921875,3290.867919921875,2843.477515723759,2915.8037950700063,2858.5022626297573
2013-12-18 17:10:00+01:00,2801.42041015625,3329.692626953125,2857.0019749887238,2927.7777573847843,2846.894071465334
2013-12-18 17:20:00+01:00,2843.47412109375,3222.857177734375,2729.314077902175,2831.202464957166,2779.2666069768916
2013-12-18 17:30:00+01:00,2739.061767578125,3108.74951171875,2698.256932529897,2791.672614767686,2718.097038263922
2013-12-18 17:40:00+01:00,2828.438720703125,2915.651611328125,2590.2727088246615,2718.5057905636454,2666.4874097550187
2013-12-18 17:50:00+01:00,2639.46533203125,2874.30078125,2624.9528169463583,2726.284651209344,2690.4516208413734
2013-12-18 18:00:00+01:00,2697.963623046875,2772.029052734375,2496.8716699123033,2639.3735423933654,2522.524301822643
2013-12-18 18:10:00+01:00,2509.298095703125,2927.00537109375,2515.140283329702,2619.999439754804,2578.2670803874416
2013-12-18 18:20:00+01:00,2373.92578125,2516.459228515625,2371.68844726415,2514.542324354197,2449.5702464231094
2013-12-18 18:30:00+01:00,2274.868896484375,2449.765380859375,2281.441321616947,2381.371214068984,2303.3904496726827
2013-12-18 18:40:00+01:00,2122.945068359375,2397.96240234375,2157.7562022149928,2256.4669794306874,2230.373663439234
2013-12-18 18:50:00+01:00,2104.655517578125,2353.1259765625,2026.2863630355314,2111.479695374518,2109.069150378183
2013-12-18 19:00:00+01:00,1954.2174072265625,2134.7421875,1961.1697513921658,2029.6697638571163,2037.069816031027
2013-12-18 19:10:00+01:00,1900.60400390625,2112.63525390625,1828.04972610201,1914.6881209204462,1898.669713358522
2013-12-18 19:20:00+01:00,1830.8048095703125,1947.93896484375,1756.4825233154415,1830.4307060121093,1827.2340945996693
2013-12-18 19:30:00+01:00,1645.0162353515625,1829.268798828125,1664.1287532166632,1755.5826430303996,1762.3078050016193
2013-12-18 19:40:00+01:00,1657.5728759765625,1907.5633544921875,1536.5737194937299,1620.7538056744938,1588.162932888078
2013-12-18 19:50:00+01:00,1499.5960693359375,1698.4342041015625,1502.297748380569,1559.9665376084874,1555.7905493681917
2013-12-18 20:00:00+01:00,1415.3046875,1633.7745361328125,1391.7659325408172,1450.5787148678262,1431.4702459962705
2013-12-18 20:10:00+01:00,1484.5228271484375,1544.1361083984375,1341.8959829420448,1352.9623334351695,1359.4128198098485
2013-12-18 20:20:00+01:00,1344.59814453125,1431.9976806640625,1350.1199231747696,1345.0520741210378,1369.8391229185534
2013-12-18 20:30:00+01:00,1296.4246826171875,1385.2742919921875,1286.1138250509428,1278.1242954774648,1288.8861947928285
2013-12-18 20:40:00+01:00,1235.2767333984375,1527.5689697265625,1262.0438882547808,1223.6870483601222,1236.4566937966288
2013-12-18 20:50:00+01:00,1203.80810546875,1436.9327392578125,1191.2968218180686,1167.4452552712442,1179.7239228732844
2013-12-18 21:00:00+01:00,1060.9434814453125,1300.83544921875,1158.133805627125,1127.2506819127086,1164.2102819895356
2013-12-18 21:10:00+01:00,1170.2113037109375,1182.8038330078125,1054.9005181814496,1033.8533850402887,1076.9008439781069
2013-12-18 21:20:00+01:00,993.6036376953125,1130.9697265625,1087.2070711280298,1050.7975388322511,1111.9868108324279
2013-12-18 21:30:00+01:00,968.9386596679688,1155.9693603515625,974.2092654858757,971.4038778567099,991.0537267436216
2013-12-18 21:40:00+01:00,1047.57373046875,1180.3082275390625,959.9456299326534,924.3981884518322,981.6752238557195
2013-12-18 21:50:00+01:00,1083.426513671875,978.6411743164062,962.3706981098965,948.8086543179373,978.747833757263
2013-12-18 22:00:00+01:00,916.0882568359375,988.7112426757812,1002.5609927994122,991.0459233233283,1012.8345127098019
2013-12-18 22:10:00+01:00,1061.1026611328125,1085.0679931640625,931.256531262235,925.192104804576,905.9171371965418
2013-12-18 22:20:00+01:00,863.028564453125,1033.1767578125,991.5720806995134,979.0325924252509,977.7050283322313
2013-12-18 22:30:00+01:00,815.0374755859375,944.3495483398438,861.0297247933778,891.1247036342377,855.8767614416313
2013-12-18 22:40:00+01:00,800.1888427734375,942.0193481445312,830.6218872501597,823.405996799832,843.8787510500861
2013-12-18 22:50:00+01:00,839.2511596679688,967.8114013671875,763.352593885723,782.7268857944399,765.7011982178657
2013-12-18 23:00:00+01:00,747.427978515625,1005.8289184570312,776.0029360472023,789.6928699588802,793.5178316209303
2013-12-18 23:10:00+01:00,753.5594482421875,907.1660766601562,725.4178167176915,744.1445607847625,732.205377618057
2013-12-18 23:20:00+01:00,731.6779174804688,756.850830078125,722.7249999332556,731.5623224805182,722.52059932723
2013-12-18 23:30:00+01:00,626.6589965820312,723.3757934570312,693.6480508709609,714.902838772956,702.1942840881455
2013-12-18 23:40:00+01:00,700.3662719726562,765.8621826171875,638.3352620667381,646.0356078667457,651.1604449303039
2013-12-18 23:50:00+01:00,573.6437377929688,716.9841918945312,666.0638445831227,661.6147458257896,670.4980988669562
2013-12-19 00:00:00+01:00,551.97705078125,661.3385009765625,590.1108528545672,593.134935135767,571.434938444873
2013-12-19 00:10:00+01:00,509.28118896484375,632.772216796875,582.5159476122335,554.6478691259607,575.9698344338319
2013-12-19 00:20:00+01:00,505.896728515625,580.1304931640625,529.1133905897753,512.6054573420109,522.2137334163114
2013-12-19 00:30:00+01:00,428.3467712402344,556.29248046875,524.1013581358073,494.48559980189975,514.9356076366234
2013-12-19 00:40:00+01:00,451.1895751953125,602.6931762695312,466.4423978077406,442.1105331630743,453.9174629770886
2013-12-19 00:50:00+01:00,433.8096008300781,549.7470092773438,466.93642734612064,436.0106664472144,464.5132803337266
2013-12-19 01:00:00+01:00,382.5023498535156,485.12847900390625,439.76854035135983,423.6761922296899,429.6758396525138
2013-12-19 01:10:00+01:00,425.5199890136719,531.8048706054688,408.81383814882815,390.9092794159338,410.472593638613
2013-12-19 01:20:00+01:00,422.12451171875,523.71630859375,416.5717023842086,403.21759794303966,420.8732302173724
2013-12-19 01:30:00+01:00,365.89776611328125,457.691162109375,408.16871373611264,406.7739593433817,406.63977037833865
2013-12-19 01:40:00+01:00,390.98126220703125,520.63671875,383.7682008871972,378.04719966370294,388.68132467166697
2013-12-19 01:50:00+01:00,364.154052734375,493.6710205078125,386.0885761436749,382.3572592149306,397.02837599988146
2013-12-19 02:00:00+01:00,346.4092102050781,406.31781005859375,363.226967923388,367.77030093966516,367.26258575062946
2013-12-19 02:10:00+01:00,363.67041015625,450.1985168457031,356.597565892753,352.56425404469474,367.3959788637612
2013-12-19 02:20:00+01:00,336.3878173828125,436.3537902832031,357.2267951011329,356.264467139113,363.6814905575644
2013-12-19 02:30:00+01:00,334.3681640625,380.0415344238281,340.9635857037425,341.81964845141147,341.2227415765177
2013-12-19 02:40:00+01:00,341.2246398925781,439.2201232910156,338.3107637331671,335.8738275791433,351.75933237972043
2013-12-19 02:50:00+01:00,362.49945068359375,414.0452880859375,333.64822169796923,337.19227981590717,340.77599215461555
2013-12-19 03:00:00+01:00,318.2502136230469,377.9306335449219,346.9157734951925,350.1222161858361,353.3279810771082
2013-12-19 03:10:00+01:00,352.7724609375,423.2731018066406,325.2988415343866,330.29054941783534,333.4442388064459
2013-12-19 03:20:00+01:00,335.25732421875,431.6105041503906,343.0273181758951,343.99588954773014,356.89127342002814
2013-12-19 03:30:00+01:00,325.4012451171875,381.5679931640625,329.02752588612015,338.3861908346379,334.55783971480133
2013-12-19 03:40:00+01:00,332.8095703125,433.5382995605469,331.07251917036336,331.4572295764896,341.6904205077672
2013-12-19 03:50:00+01:00,322.70391845703125,402.7005615234375,328.2089537150414,332.9577649271817,333.51250043802673
2013-12-19 04:00:00+01:00,294.5767822265625,372.73590087890625,320.88513790086307,327.19004328961546,326.270118332349
2013-12-19 04:10:00+01:00,348.2298278808594,415.7556457519531,301.03279124046367,308.21301895071815,309.6675867076806
2013-12-19 04:20:00+01:00,315.64874267578125,406.3472900390625,320.68018169759205,331.8551050424529,341.1279110186834
2013-12-19 04:30:00+01:00,298.32684326171875,371.6052551269531,301.57982387885255,321.1980639110389,314.35924327717777
2013-12-19 04:40:00+01:00,366.7232666015625,420.7161865234375,296.0315584633085,308.5872795921267,318.7544641099422
2013-12-19 04:50:00+01:00,309.5078125,392.8664855957031,320.71921835892664,342.9092159693327,348.92988856490604
2013-12-19 05:00:00+01:00,294.1190490722656,370.86358642578125,299.7163981997291,322.1636893852158,316.27274397448844
2013-12-19 05:10:00+01:00,335.9127197265625,419.27398681640625,299.61115076286285,307.67110129102724,320.8140022124399
2013-12-19 05:20:00+01:00,328.009033203125,399.49871826171875,310.951733209299,325.9999996985376,330.04058283904476
2013-12-19 05:30:00+01:00,307.7118835449219,368.6548156738281,318.33454379675163,327.4752315229316,330.74364596343815
2013-12-19 05:40:00+01:00,398.0494689941406,424.99371337890625,319.6711593306193,317.2786133955331,330.0443639396865
2013-12-19 05:50:00+01:00,327.98382568359375,428.4240417480469,369.09721733140407,367.02806441744013,382.709570226995
2013-12-19 06:00:00+01:00,329.0496520996094,389.5139465332031,342.60923839254224,344.77732157666276,345.94204152417444
2013-12-19 06:10:00+01:00,384.1741943359375,434.3548889160156,355.11635670864933,341.90728081902455,364.08582905466744
2013-12-19 06:20:00+01:00,277.4793701171875,427.3218078613281,371.0252696928182,374.2899317346371,385.4307547585992
2013-12-19 06:30:00+01:00,274.7256774902344,394.56573486328125,320.08174609664223,317.5826845537643,315.4607828864334
2013-12-19 06:40:00+01:00,325.95721435546875,496.3794250488281,314.1881492196711,299.31259361610154,321.6157459252408
2013-12-19 06:50:00+01:00,334.89874267578125,473.8197326660156,324.9611837614223,321.00359906283956,332.1522086768252
2013-12-19 07:00:00+01:00,386.3130187988281,486.70123291015625,351.48617650556884,333.1985546327207,352.91629813035854
2013-12-19 07:10:00+01:00,424.3793029785156,599.9542236328125,407.7686015699493,372.05333491761735,409.4709044001831
2013-12-19 07:20:00+01:00,477.2926330566406,525.7067260742188,450.6885910041122,415.6533440086409,434.71195111803655
2013-12-19 07:30:00+01:00,715.1279907226562,586.379150390625,517.2853067532373,475.89293930648705,504.28827165846553
2013-12-19 07:40:00+01:00,884.7260131835938,784.08837890625,696.2505763472665,665.4742920779198,696.1864938649762
2013-12-19 07:50:00+01:00,785.541015625,714.1670532226562,888.0834134485768,895.4087904026977,895.3365254533815
2013-12-19 08:00:00+01:00,678.9755249023438,779.4248657226562,956.2365194845033,974.2682412694193,896.9824775778783
2013-12-19 08:10:00+01:00,819.5874633789062,981.38134765625,898.0137096597417,955.252594178517,776.8162318965749
2013-12-19 08:20:00+01:00,879.0156860351562,1149.291015625,955.5391607626286,1086.4833156959646,908.3572806573053
2013-12-19 08:30:00+01:00,1063.2784423828125,1348.96044921875,1008.765542307657,1169.7079421405645,999.5248593421154
2013-12-19 08:40:00+01:00,1343.322265625,1568.052978515625,1204.3349656850323,1331.64635376805,1243.9512404264203
2013-12-19 08:50:00+01:00,1527.7471923828125,1768.0125732421875,1435.786011109513,1580.5697416837497,1522.5520677287075
2013-12-19 09:00:00+01:00,1859.0157470703125,2023.637451171875,1664.7710387073842,1779.8769734773084,1771.4455770844559
2013-12-19 09:10:00+01:00,1937.3192138671875,2272.90283203125,1967.5169724343045,2061.5061865447274,2123.5257159538355
2013-12-19 09:20:00+01:00,2040.3126220703125,2444.150390625,2082.74413620579,2192.56272382519,2174.621415325425
2013-12-19 09:30:00+01:00,2293.775634765625,2440.644775390625,2202.183307834753,2287.561024427356,2256.633610760251
2013-12-19 09:40:00+01:00,2391.5419921875,2575.36376953125,2340.7442179563855,2466.286285120144,2389.387775903619
2013-12-19 09:50:00+01:00,2310.9873046875,2680.140869140625,2445.7226629193333,2571.583916390564,2488.0748019500056
2013-12-19 10:00:00+01:00,2419.895751953125,2715.62158203125,2457.82046955531,2530.7280156034553,2483.7454541188945
2013-12-19 10:10:00+01:00,2641.6396484375,2921.39697265625,2519.089205419875,2558.364635865211,2574.5652995814917
2013-12-19 10:20:00+01:00,2614.3935546875,2777.68310546875,2657.6675782685315,2688.8048594663665,2649.152211235431
2013-12-19 10:30:00+01:00,2709.89404296875,2773.945556640625,2723.157502940623,2717.138835605711,2688.6234294609276
2013-12-19 10:40:00+01:00,2891.08740234375,2989.9443359375,2829.185512283983,2780.3063494053126,2780.7966913672117
2013-12-19 10:50:00+01:00,2683.944091796875,2846.94091796875,2933.6262337663884,2908.9953488277515,2885.818210525382
2013-12-19 11:00:00+01:00,2721.842041015625,2811.0322265625,2844.534172805484,2833.9617000150365,2837.9390242501763
2013-12-19 11:10:00+01:00,2922.367431640625,3279.4287109375,2839.8053085665742,2817.3623979815166,2853.50923773434
2013-12-19 11:20:00+01:00,2925.501708984375,3163.481689453125,2882.1600703619797,2921.944952407658,2891.1422880601167
2013-12-19 11:30:00+01:00,2795.059814453125,3015.900146484375,2916.659656965968,2968.81651754062,2939.389910681372
2013-12-19 11:40:00+01:00,2981.76513671875,3284.27392578125,2867.87793155925,2909.472626605153,2941.494132872537
2013-12-19 11:50:00+01:00,2826.9609375,3299.768798828125,2947.2132906371166,2987.936084137268,3004.310177028692
2013-12-19 12:00:00+01:00,2799.498779296875,2981.039306640625,2868.4505180596725,2932.7840387298324,2955.4665178869213
2013-12-19 12:10:00+01:00,3123.9638671875,3214.531005859375,2891.9051224841487,2892.6881063967667,2996.096770067511
2013-12-19 12:20:00+01:00,3150.143798828125,3171.614501953125,3060.47523473199,3062.7189820152107,3130.344322814156
2013-12-19 12:30:00+01:00,3046.845703125,3339.468994140625,3161.9689730925575,3170.2633630499004,3205.3393110089883
2013-12-19 12:40:00+01:00,3468.646484375,3410.105224609375,3197.0365147115585,3169.650048288148,3234.160154276042
2013-12-19 12:50:00+01:00,3090.926513671875,3605.23876953125,3424.335680744351,3404.4793025065483,3462.4584848142363
2013-12-19 13:00:00+01:00,3197.67431640625,3426.00244140625,3229.515598291066,3313.6356541710384,3263.7529238447887
2013-12-19 13:10:00+01:00,3417.0126953125,3416.02734375,3302.617320961231,3315.7535829824565,3327.313073851874
2013-12-19 13:20:00+01:00,2906.858642578125,3399.9404296875,3311.6385869664264,3429.993768062918,3436.731859998351
2013-12-19 13:30:00+01:00,3040.736083984375,3227.80029296875,3050.8573208914895,3192.135950540066,3152.29187354904
2013-12-19 13:40:00+01:00,3329.926025390625,3338.310791015625,3055.9253420838763,3124.264010703971,3241.023293527386
2013-12-19 13:50:00+01:00,3320.1162109375,3355.911865234375,3104.2912332010055,3244.658436429496,3363.8534139929143
2013-12-19 14:00:00+01:00,3093.679443359375,3166.156982421875,3194.0236607073884,3313.3731509765757,3366.7370999399536
2013-12-19 14:10:00+01:00,3205.84375,3369.8701171875,3105.7341936252005,3217.2279147083214,3212.7129774916325
2013-12-19 14:20:00+01:00,2994.403076171875,3113.439453125,3109.146380424829,3208.814770903897,3201.9414703127404
2013-12-19 14:30:00+01:00,2840.915771484375,3275.35400390625,2944.7165758690617,3085.3849013837907,3075.9537812798753
2013-12-19 14:40:00+01:00,2868.276123046875,3055.241455078125,2838.9517003427127,2924.6321279445337,2980.8905051309466
2013-12-19 14:50:00+01:00,2783.326171875,2968.350830078125,2770.0975962098164,2850.738659348555,2917.0040158224133
2013-12-19 15:00:00+01:00,2646.189453125,2976.442626953125,2699.3377629694205,2772.3465107412176,2863.16420844702
2013-12-19 15:10:00+01:00,2663.9970703125,2978.914794921875,2621.300522893834,2659.1055361066988,2803.059949914718
2013-12-19 15:20:00+01:00,2644.555908203125,2843.1064453125,2601.704969084512,2609.227259036704,2773.810595363678
2013-12-19 15:30:00+01:00,2672.2568359375,2873.267578125,2585.3286639320354,2579.104043231438,2743.6733389482765
2013-12-19 15:40:00+01:00,2697.133056640625,3034.5830078125,2627.426460080255,2583.201319771677,2757.501367717854
2013-12-19 15:50:00+01:00,2690.958251953125,2952.283935546875,2656.9938124800665,2604.011179056941,2757.431815298782
2013-12-19 16:00:00+01:00,2776.708251953125,2992.324462890625,2672.9014166663655,2615.1714018888865,2731.5918581211695
2013-12-19 16:10:00+01:00,2705.38818359375,3030.43505859375,2724.807798285667,2665.716348414963,2761.653908973276
2013-12-19 16:20:00+01:00,2695.671875,2983.157470703125,2684.118107622124,2658.065545110083,2736.929453945461
2013-12-19 16:30:00+01:00,2693.885498046875,2836.9736328125,2668.6985287101274,2643.3203350105664,2704.625714067193
2013-12-19 16:40:00+01:00,2853.398681640625,2978.466552734375,2627.457977698713,2631.384443250445,2717.5682420540693
2013-12-19 16:50:00+01:00,2749.047119140625,3022.286865234375,2704.1727157256446,2707.159789178286,2752.765113742094
2013-12-19 17:00:00+01:00,3048.157958984375,2991.586669921875,2657.811210031311,2702.831013592202,2680.1455435776033
2013-12-19 17:10:00+01:00,3068.62353515625,2801.42041015625,2835.988658215542,2848.0119063169614,2858.959856605961
2013-12-19 17:20:00+01:00,3087.59130859375,2843.47412109375,2858.4396081139425,2951.194430102618,2883.6260504703073
2013-12-19 17:30:00+01:00,3060.106689453125,2739.061767578125,2937.3392065114235,3014.534022601564,2902.398944927327
2013-12-19 17:40:00+01:00,2897.218994140625,2828.438720703125,2902.458924467408,3026.1737336912834,2885.915885899896
2013-12-19 17:50:00+01:00,2815.630615234375,2639.46533203125,2796.224955552971,2936.2023754151664,2760.1971312130054
2013-12-19 18:00:00+01:00,2529.025146484375,2697.963623046875,2704.3073923324623,2832.072660546151,2674.133042910651
2013-12-19 18:10:00+01:00,2245.47119140625,2509.298095703125,2484.5243891462983,2617.1130024956283,2495.060594492886
2013-12-19 18:20:00+01:00,2233.338134765625,2373.92578125,2254.9890156350757,2340.0541898722227,2252.940202359681
2013-12-19 18:30:00+01:00,2286.004638671875,2274.868896484375,2145.159372486175,2190.3044971757568,2157.8252547207503
2013-12-19 18:40:00+01:00,2205.616943359375,2122.945068359375,2121.2358438572082,2155.244953997999,2148.261646463789
2013-12-19 18:50:00+01:00,1936.1971435546875,2104.655517578125,2086.225325396715,2114.263112920975,2136.0910324456336
2013-12-19 19:00:00+01:00,1866.6300048828125,1954.2174072265625,1914.7057203447173,1953.5213203485432,1929.045169385536
2013-12-19 19:10:00+01:00,1681.9674072265625,1900.60400390625,1795.6467596025468,1828.9371417127602,1857.2960998136743
2013-12-19 19:20:00+01:00,1652.021484375,1830.8048095703125,1610.4606877966607,1665.7342455896808,1698.4051400796893
2013-12-19 19:30:00+01:00,1538.90869140625,1645.0162353515625,1544.2356460208848,1569.4332534548055,1604.058273821316
2013-12-19 19:40:00+01:00,1475.517333984375,1657.5728759765625,1433.2371534036224,1467.7804093793602,1486.9929544045815
2013-12-19 19:50:00+01:00,1352.842041015625,1499.5960693359375,1380.7881525866273,1389.3146718913754,1414.1628139397833
2013-12-19 20:00:00+01:00,1158.3792724609375,1415.3046875,1287.3340111964392,1290.4000806672561,1311.2306825938413
2013-12-19 20:10:00+01:00,1261.2252197265625,1484.5228271484375,1158.0215278739843,1138.1866983884706,1174.825307327015
2013-12-19 20:20:00+01:00,1102.824951171875,1344.59814453125,1176.7322789018333,1120.438547300534,1214.346056129302
2013-12-19 20:30:00+01:00,1114.7930908203125,1296.4246826171875,1078.618354972855,1039.3383870130083,1107.8368166971088
2013-12-19 20:40:00+01:00,1173.92236328125,1235.2767333984375,1096.366748786428,1013.8905459981886,1099.3098896152353
2013-12-19 20:50:00+01:00,1068.9014892578125,1203.80810546875,1097.6229697115405,1041.227601936097,1090.645328043063
2013-12-19 21:00:00+01:00,939.7294921875,1060.9434814453125,1057.3926291183855,1011.7312076109938,1050.5037752381406
2013-12-19 21:10:00+01:00,1005.5470581054688,1170.2113037109375,970.377016996075,930.1455943197959,937.0212612123838
2013-12-19 21:20:00+01:00,993.1734008789062,993.6036376953125,961.8381395914957,928.6430398054773,966.9067054328796
2013-12-19 21:30:00+01:00,919.0537719726562,968.9386596679688,941.6356722275434,927.3308352516253,958.7976019538379
2013-12-19 21:40:00+01:00,906.5616455078125,1047.57373046875,917.4572324529823,892.9384193918928,907.6827638873174
2013-12-19 21:50:00+01:00,883.3216552734375,1083.426513671875,894.3790905908678,873.7938374424614,881.5363761539769
2013-12-19 22:00:00+01:00,956.2233276367188,916.0882568359375,866.3565649230924,854.7279952894215,854.4730978996641
2013-12-19 22:10:00+01:00,833.2598876953125,1061.1026611328125,906.5919573794471,891.7339545906021,899.4598884282755
2013-12-19 22:20:00+01:00,928.9671020507812,863.028564453125,841.3562531492807,842.4130989224936,810.6744087366579
2013-12-19 22:30:00+01:00,825.7767333984375,815.0374755859375,890.7823298326211,879.2383702093899,872.4833655650851
2013-12-19 22:40:00+01:00,843.0537109375,800.1888427734375,811.957545031749,836.5390500562119,790.5529992787963
2013-12-19 22:50:00+01:00,873.6688232421875,839.2511596679688,825.4618728828298,830.1038922853354,825.9267719181922
2013-12-19 23:00:00+01:00,799.6934204101562,747.427978515625,814.1428196135281,845.828135807175,811.6396026588582
2013-12-19 23:10:00+01:00,756.8203125,753.5594482421875,782.7420838387676,810.3067054755102,792.7248227015771
2013-12-19 23:20:00+01:00,680.1864624023438,731.6779174804688,749.8255382134787,769.0352182473131,754.0932611927509
2013-12-19 23:30:00+01:00,654.8073120117188,626.6589965820312,683.1675361511252,702.0281375464261,692.9013933578882
2013-12-19 23:40:00+01:00,658.9542236328125,700.3662719726562,653.6353270771679,657.5775266702,666.7852245416449
2013-12-19 23:50:00+01:00,670.3718872070312,573.6437377929688,643.4718609703252,641.269278668452,644.9993548508245
2013-12-20 00:00:00+01:00,609.7656860351562,551.97705078125,656.7107817607543,643.1827022989054,637.5048373698648
2013-12-20 00:10:00+01:00,572.6030883789062,509.28118896484375,632.4709086227035,610.8476566683568,616.657041737097
2013-12-20 00:20:00+01:00,546.6251220703125,505.896728515625,607.8372933834173,576.8889739886431,591.4901168711067
2013-12-20 00:30:00+01:00,445.53448486328125,428.3467712402344,575.5592925201992,547.2019758466495,560.7938271955716
2013-12-20 00:40:00+01:00,416.47784423828125,451.1895751953125,500.374273473167,472.9702772661943,478.90001526872777
2013-12-20 00:50:00+01:00,437.1907653808594,433.8096008300781,457.08992063754334,427.02629771223906,448.46545567695705
2013-12-20 01:00:00+01:00,388.0954895019531,382.5023498535156,440.1836224122209,419.61589740655575,435.6040056680227
2013-12-20 01:10:00+01:00,445.2629699707031,425.5199890136719,405.9377284095485,389.1212423676357,398.54488499576894
2013-12-20 01:20:00+01:00,432.4437561035156,422.12451171875,432.503074629969,410.73253682213254,434.6590895343044
2013-12-20 01:30:00+01:00,399.5137634277344,365.89776611328125,419.162420005206,414.15312715162145,408.2111977514489
2013-12-20 01:40:00+01:00,385.1998596191406,390.98126220703125,410.72358204776305,400.30010964962736,416.6442883636815
2013-12-20 01:50:00+01:00,376.38800048828125,364.154052734375,389.96348683027526,387.767326245989,395.8076242329666
2013-12-20 02:00:00+01:00,302.2583923339844,346.4092102050781,376.1166727235276,377.44764386603066,383.3239224488628
2013-12-20 02:10:00+01:00,334.039794921875,363.67041015625,326.7435780235204,328.6834323985733,329.71817109747354
2013-12-20 02:20:00+01:00,321.25628662109375,336.3878173828125,331.98471124617714,328.80512564977226,344.37721085450454
2013-12-20 02:30:00+01:00,274.6669006347656,334.3681640625,313.2545366730851,319.59162969855106,312.1701168327221
2013-12-20 02:40:00+01:00,295.477783203125,341.2246398925781,291.1392012352895,290.00735950944306,298.5856120617667
2013-12-20 02:50:00+01:00,303.4792175292969,362.49945068359375,289.53584632831075,290.9427925992383,301.6809254629636
2013-12-20 03:00:00+01:00,269.95355224609375,318.2502136230469,286.6469347403025,294.74563259572847,294.95568162618196
2013-12-20 03:10:00+01:00,264.6365661621094,352.7724609375,274.04725838038837,278.3256318371257,287.6108619797079
2013-12-20 03:20:00+01:00,304.628173828125,335.25732421875,265.5673544439665,270.01154996725904,279.3465251327028
2013-12-20 03:30:00+01:00,258.4850158691406,325.4012451171875,280.6346762304117,288.18136979139774,294.3251542879239
2013-12-20 03:40:00+01:00,254.4398651123047,332.8095703125,261.47823719289005,269.5744529842907,270.8450350073109
2013-12-20 03:50:00+01:00,292.40667724609375,322.70391845703125,259.64247369298556,261.8678241109147,269.3695406794681
2013-12-20 04:00:00+01:00,244.99835205078125,294.5767822265625,267.8146114777747,279.01425152706815,277.81764668405896
2013-12-20 04:10:00+01:00,281.6297607421875,348.2298278808594,245.47165268060022,258.57879831387504,254.32910804560657
2013-12-20 04:20:00+01:00,310.6495056152344,315.64874267578125,263.36451557918883,272.99592146652105,284.20679436761225
2013-12-20 04:30:00+01:00,270.8539123535156,298.32684326171875,269.65642368235734,293.8619968691844,286.43391477211304
2013-12-20 04:40:00+01:00,288.67059326171875,366.7232666015625,260.77665550070736,281.0581864749285,282.06332294143266
2013-12-20 04:50:00+01:00,311.66558837890625,309.5078125,267.4072077654211,288.52183844739807,298.43444509477825
2013-12-20 05:00:00+01:00,340.30853271484375,294.1190490722656,274.5071491594235,304.05067722545095,305.8119573600099
2013-12-20 05:10:00+01:00,257.4002380371094,335.9127197265625,303.27775732835244,327.60766766622305,339.5542248989615
2013-12-20 05:20:00+01:00,263.8350524902344,328.009033203125,268.2378577257127,287.4059636450218,283.44342480993606
2013-12-20 05:30:00+01:00,236.5823974609375,307.7118835449219,267.4292102169605,278.7037695198558,281.7718238005787
2013-12-20 05:40:00+01:00,278.8231506347656,398.0494689941406,237.72028717277584,255.68429501737836,256.5083156588282
2013-12-20 05:50:00+01:00,284.6566162109375,327.98382568359375,264.6545448255857,270.67472570099665,294.6231277198211
2013-12-20 06:00:00+01:00,254.3376007080078,329.0496520996094,270.38191082497366,278.14239438315036,290.2071399225302
2013-12-20 06:10:00+01:00,276.81292724609375,384.1741943359375,266.56329402596367,264.4920670235339,282.93980815010804
2013-12-20 06:20:00+01:00,281.81439208984375,277.4793701171875,275.75968269310044,273.86014511875567,303.4865901963013
2013-12-20 06:30:00+01:00,239.2689666748047,274.7256774902344,278.34799892147635,279.9772543280033,302.9865283743779
2013-12-20 06:40:00+01:00,286.489501953125,325.95721435546875,262.6771282059513,257.4042476689553,272.35423541796274
2013-12-20 06:50:00+01:00,352.12359619140625,334.89874267578125,288.6859889071223,278.0535269168007,312.66537793005614
2013-12-20 07:00:00+01:00,332.0283508300781,386.3130187988281,331.15266035187324,322.5886552266527,343.9725448892847
2013-12-20 07:10:00+01:00,333.047119140625,424.3793029785156,355.48286976882434,332.6713401337938,363.6355570580715
2013-12-20 07:20:00+01:00,385.9553527832031,477.2926330566406,373.0438389631113,343.4733921767106,376.9820327170227
2013-12-20 07:30:00+01:00,387.94476318359375,715.1279907226562,405.4466181998793,384.498044242001,416.78462926737495
2013-12-20 07:40:00+01:00,561.615234375,884.7260131835938,425.6078374346041,405.9908441780915,436.8401271807041
2013-12-20 07:50:00+01:00,627.857666015625,785.541015625,559.0581285665786,532.8033975931613,575.8976283487516
2013-12-20 08:00:00+01:00,701.837890625,678.9755249023438,646.6992024424587,645.8192334442265,643.9683405286848
2013-12-20 08:10:00+01:00,829.5209350585938,819.5874633789062,782.685745530869,777.6758413225616,786.4165819994672
2013-12-20 08:20:00+01:00,994.8754272460938,879.0156860351562,904.2072114049486,967.5407704575405,950.7614872050809
2013-12-20 08:30:00+01:00,1025.44287109375,1063.2784423828125,1074.2612522368313,1218.3330842294686,1189.0843267855894
2013-12-20 08:40:00+01:00,1384.32861328125,1343.322265625,1172.5185699343485,1370.1502761716174,1298.6200969059998
2013-12-20 08:50:00+01:00,1571.477783203125,1527.7471923828125,1454.5952085229064,1726.4365469621296,1667.1689313281238
2013-12-20 09:00:00+01:00,1814.9302978515625,1859.0157470703125,1634.1926922707978,1969.1257339535973,1806.7052894780477
2013-12-20 09:10:00+01:00,2100.209228515625,1937.3192138671875,1915.8847622913543,2187.0706353882183,2031.0327534214737
2013-12-20 09:20:00+01:00,2204.1826171875,2040.3126220703125,2131.7989679930574,2408.836064346056,2277.5952835553835
2013-12-20 09:30:00+01:00,2249.341552734375,2293.775634765625,2268.824902136889,2511.2040375609868,2338.8467035047306
2013-12-20 09:40:00+01:00,2339.18603515625,2391.5419921875,2337.2704710764797,2543.1999902885964,2434.657569720556
2013-12-20 09:50:00+01:00,2431.093505859375,2310.9873046875,2383.224762077319,2583.251999075939,2486.9024865711826
2013-12-20 10:00:00+01:00,2359.009765625,2419.895751953125,2448.6148868643268,2627.5769712914566,2556.755421341719
2013-12-20 10:10:00+01:00,2436.466796875,2641.6396484375,2439.681593725016,2570.5116408265994,2561.972708264526
2013-12-20 10:20:00+01:00,2569.657470703125,2614.3935546875,2498.0948130381016,2576.9675605606476,2612.543161138236
2013-12-20 10:30:00+01:00,2629.247314453125,2709.89404296875,2580.05553096547,2648.939762084653,2675.318602431436
2013-12-20 10:40:00+01:00,2746.3515625,2891.08740234375,2668.5052678805328,2708.6277087121184,2723.4458508195544
2013-12-20 10:50:00+01:00,2668.520751953125,2683.944091796875,2774.9389710282353,2800.0552144886706,2757.2695331407535
2013-12-20 11:00:00+01:00,2748.245849609375,2721.842041015625,2741.8443592506624,2786.2982752723724,2708.8960424577995
2013-12-20 11:10:00+01:00,2844.2451171875,2922.367431640625,2778.915999914397,2822.171119822451,2770.9489086107747
2013-12-20 11:20:00+01:00,2771.447509765625,2925.501708984375,2802.337697098694,2888.688880238932,2832.8252549217814
2013-12-20 11:30:00+01:00,2981.77197265625,2795.059814453125,2779.0868958022534,2869.8867694757437,2823.3784619853564
2013-12-20 11:40:00+01:00,3096.7255859375,2981.76513671875,2898.8383278682163,2980.120752647679,2974.701492943963
2013-12-20 11:50:00+01:00,2980.4052734375,2826.9609375,2986.640313318267,3093.4201770916998,3063.419586015388
2013-12-20 12:00:00+01:00,2922.023681640625,2799.498779296875,3009.9834732869303,3076.3291192841243,3036.5796398364887
2013-12-20 12:10:00+01:00,3167.61962890625,3123.9638671875,2994.643252342007,3031.245611456801,3067.2208911354533
2013-12-20 12:20:00+01:00,3094.633056640625,3150.143798828125,3130.067061827225,3151.672862263341,3169.849576116664
2013-12-20 12:30:00+01:00,3288.548095703125,3046.845703125,3149.2390794802723,3173.8930593864734,3174.0422200979083
2013-12-20 12:40:00+01:00,3428.2275390625,3468.646484375,3334.4628429397217,3301.26671970694,3292.4230774192833
2013-12-20 12:50:00+01:00,3247.31103515625,3090.926513671875,3429.269147107204,3448.6007257180927,3391.3027327106856
2013-12-20 13:00:00+01:00,3309.419921875,3197.67431640625,3385.2697711779806,3423.046029628996,3352.2790246381182
2013-12-20 13:10:00+01:00,3445.058837890625,3417.0126953125,3388.9471697423714,3438.075655170728,3434.3719498768874
2013-12-20 13:20:00+01:00,3121.759033203125,2906.858642578125,3404.3101568314146,3514.5426554241976,3460.3621231748552
2013-12-20 13:30:00+01:00,3351.35205078125,3040.736083984375,3225.2691125944307,3362.948917315519,3286.958981683297
2013-12-20 13:40:00+01:00,3261.4306640625,3329.926025390625,3308.98300623113,3396.0111018430125,3389.284144741818
2013-12-20 13:50:00+01:00,3091.646240234375,3320.1162109375,3200.4345763260003,3361.7866608522127,3327.880482982846
2013-12-20 14:00:00+01:00,3273.6484375,3093.679443359375,3139.105991739981,3238.2109525541505,3234.3494483305767
2013-12-20 14:10:00+01:00,3073.197265625,3205.84375,3178.0562475779775,3262.065489217036,3280.823151301496
2013-12-20 14:20:00+01:00,3069.320068359375,2994.403076171875,3052.027823137405,3167.2092407828877,3155.3819513620606
2013-12-20 14:30:00+01:00,2959.33984375,2840.915771484375,3055.15681619026,3105.457435614319,3140.0717817225395
2013-12-20 14:40:00+01:00,3132.445556640625,2868.276123046875,2929.494874610657,3010.0811918546456,3040.3719018611278
2013-12-20 14:50:00+01:00,2841.379150390625,2783.326171875,3017.3261583981352,3049.848463263099,3115.383934360495
2013-12-20 15:00:00+01:00,2857.44580078125,2646.189453125,2852.45939242674,2920.818258592825,2964.820731691514
2013-12-20 15:10:00+01:00,2897.92822265625,2663.9970703125,2865.5721405442278,2851.557378466511,2942.5571168110732
2013-12-20 15:20:00+01:00,2816.0341796875,2644.555908203125,2838.862431530929,2838.555793080846,2960.1250942841943
2013-12-20 15:30:00+01:00,2770.797119140625,2672.2568359375,2838.7206296232025,2793.592832819033,2934.944273358851
2013-12-20 15:40:00+01:00,3127.087646484375,2697.133056640625,2827.77388105584,2744.825216674696,2853.2933237392945
2013-12-20 15:50:00+01:00,2878.533935546875,2690.958251953125,3032.783523287193,2903.0901115733154,3006.2298102983254
2013-12-20 16:00:00+01:00,3007.193359375,2776.708251953125,2954.184728003925,2878.9211793757127,2942.6154778815576
2013-12-20 16:10:00+01:00,2896.5751953125,2705.38818359375,3075.9372995008007,2920.9341198620273,2995.4538542742453
2013-12-20 16:20:00+01:00,2922.524169921875,2695.671875,2947.0801987096106,2884.7371586661225,2940.9662719168996
2013-12-20 16:30:00+01:00,2883.484619140625,2693.885498046875,2969.61587364857,2870.7583298546915,2930.4330223249144
2013-12-20 16:40:00+01:00,2909.833251953125,2853.398681640625,2898.9858278829233,2841.865870132129,2851.580431392761
2013-12-20 16:50:00+01:00,2684.657470703125,2749.047119140625,2903.3232094513883,2838.9284891804514,2858.09280121437
2013-12-20 17:00:00+01:00,2849.299072265625,3048.157958984375,2746.233759209908,2719.39734739222,2695.7361715460197
2013-12-20 17:10:00+01:00,2931.25,3068.62353515625,2801.257700770776,2734.166515080367,2778.51535790583
2013-12-20 17:20:00+01:00,2573.30126953125,3087.59130859375,2814.7038371385593,2795.847363228772,2809.8810066901056
2013-12-20 17:30:00+01:00,2515.54296875,3060.106689453125,2651.0884672205434,2646.3457732060588,2625.6963869225838
2013-12-20 17:40:00+01:00,2507.943603515625,2897.218994140625,2550.2141699832137,2520.8338173094144,2514.5995179859565
2013-12-20 17:50:00+01:00,2226.53466796875,2815.630615234375,2444.849702487881,2449.5926912739983,2499.1251596158695
2013-12-20 18:00:00+01:00,2203.54638671875,2529.025146484375,2266.5133373175086,2265.4123602905884,2323.141827646132
2013-12-20 18:10:00+01:00,2082.348876953125,2245.47119140625,2197.705299001634,2154.3643273268926,2226.9034953151217
2013-12-20 18:20:00+01:00,1719.5379638671875,2233.338134765625,2060.2938318476176,2038.6023757938437,2112.7748269172594
2013-12-20 18:30:00+01:00,1901.25,2286.004638671875,1821.0844870508015,1780.1680052943766,1804.5610016614091
2013-12-20 18:40:00+01:00,1769.55419921875,2205.616943359375,1840.8914443574627,1745.5783431366926,1886.7422915207808
2013-12-20 18:50:00+01:00,1628.4906005859375,1936.1971435546875,1715.5337975999462,1676.462177581108,1764.6480837877084
2013-12-20 19:00:00+01:00,1499.5220947265625,1866.6300048828125,1652.0725758685535,1574.1448384838106,1598.021522172365
2013-12-20 19:10:00+01:00,1488.844482421875,1681.9674072265625,1500.09650280525,1454.5384283250423,1449.2274778237925
2013-12-20 19:20:00+01:00,1333.239501953125,1652.021484375,1433.4310901263736,1390.8529882611006,1434.9133557528412
2013-12-20 19:30:00+01:00,1216.8797607421875,1538.90869140625,1305.5534056600727,1281.6844429315086,1316.7889486256104
2013-12-20 19:40:00+01:00,1138.0107421875,1475.517333984375,1206.1177159525976,1167.7978061384176,1221.7608091944253
2013-12-20 19:50:00+01:00,1066.633056640625,1352.842041015625,1109.6388053054823,1072.7981472569584,1148.1961990543648
2013-12-20 20:00:00+01:00,1032.131591796875,1158.3792724609375,1042.4412982487806,994.0409909522442,1095.4212171956603
2013-12-20 20:10:00+01:00,1043.82568359375,1261.2252197265625,1007.3340647830432,945.0081648908475,1047.705703861543
2013-12-20 20:20:00+01:00,1009.77685546875,1102.824951171875,1007.2490738062372,936.6649467520625,1031.8971771576057
2013-12-20 20:30:00+01:00,895.5723876953125,1114.7930908203125,995.0074740549179,926.2256465341172,995.5132841094979
2013-12-20 20:40:00+01:00,914.8564453125,1173.92236328125,930.1958148802307,867.3448239192645,889.8474102013785
2013-12-20 20:50:00+01:00,885.6958618164062,1068.9014892578125,916.5822444068856,854.3164471835951,893.9488006545225
2013-12-20 21:00:00+01:00,917.4472045898438,939.7294921875,877.8092492426742,837.3475246915974,860.789011104979
2013-12-20 21:10:00+01:00,873.7310791015625,1005.5470581054688,898.001321628503,853.8467649949438,874.0246259356086
2013-12-20 21:20:00+01:00,781.0957641601562,993.1734008789062,867.3580543087598,844.0961039456473,840.382269391827
2013-12-20 21:30:00+01:00,800.365234375,919.0537719726562,810.4536595044164,789.2490418571073,786.3845955718374
2013-12-20 21:40:00+01:00,801.4754638671875,906.5616455078125,795.4734560755783,776.9493365720004,771.9147482758972
2013-12-20 21:50:00+01:00,840.071533203125,883.3216552734375,782.3194163721171,773.9580210060024,754.3043677755503
2013-12-20 22:00:00+01:00,769.9395751953125,956.2233276367188,815.4215446339433,799.743588304342,780.5504381277941
2013-12-20 22:10:00+01:00,678.9202880859375,833.2598876953125,780.173360507616,774.2104109241442,735.01219261743
2013-12-20 22:20:00+01:00,827.2145385742188,928.9671020507812,718.3035375086743,708.1025983181835,691.7982944984218
2013-12-20 22:30:00+01:00,803.5615234375,825.7767333984375,769.2300118847869,766.7933918470181,750.0953502519494
2013-12-20 22:40:00+01:00,721.7791748046875,843.0537109375,758.8394670646558,782.6197065050086,738.7285695005484
2013-12-20 22:50:00+01:00,781.7197875976562,873.6688232421875,739.1391580976922,744.3727036540089,729.5666711334252
2013-12-20 23:00:00+01:00,704.713134765625,799.6934204101562,742.9557285479278,765.009719416771,741.9059326208982
2013-12-20 23:10:00+01:00,847.9293823242188,756.8203125,688.710323022976,724.9991540261906,711.476055567678
2013-12-20 23:20:00+01:00,711.7117919921875,680.1864624023438,772.0658508184865,795.6875526803675,798.8453913291095
2013-12-20 23:30:00+01:00,733.2740478515625,654.8073120117188,700.3811388641311,743.3462696381386,702.1745270334713
2013-12-20 23:40:00+01:00,672.7557983398438,658.9542236328125,729.8112122589059,737.634174191791,735.1699320917853
2013-12-20 23:50:00+01:00,650.9423217773438,670.3718872070312,668.9355404317694,694.0316925761479,671.1454887959296
2013-12-21 00:00:00+01:00,660.8228149414062,609.7656860351562,663.3320672504116,661.8912589186378,664.9369056037735
2013-12-21 00:10:00+01:00,704.29638671875,572.6030883789062,657.9619320947542,653.6024999450162,650.9494518671238
2013-12-21 00:20:00+01:00,598.0852661132812,546.6251220703125,690.4011661154238,676.9619496790139,651.9333337881338
2013-12-21 00:30:00+01:00,612.6434936523438,445.53448486328125,640.0806535123306,622.5437913255146,606.9495890999613
2013-12-21 00:40:00+01:00,574.4143676757812,416.47784423828125,640.2872028240027,611.2723163695059,615.4122019038737
2013-12-21 00:50:00+01:00,538.6331787109375,437.1907653808594,591.0917401362796,581.1836170112989,576.6362475798661
2013-12-21 01:00:00+01:00,506.62982177734375,388.0954895019531,564.0951661427174,547.2918882311159,554.0312839432289
2013-12-21 01:10:00+01:00,487.7431945800781,445.2629699707031,521.4884427102334,513.7386798981233,514.3775839278186
2013-12-21 01:20:00+01:00,479.3909912109375,432.4437561035156,491.4710791323861,488.642332332863,489.5773458175443
2013-12-21 01:30:00+01:00,435.40777587890625,399.5137634277344,471.88762517447,473.5436475396686,480.6843400653772
2013-12-21 01:40:00+01:00,471.49017333984375,385.1998596191406,437.5892820742135,441.5708501788453,445.1932587643928
2013-12-21 01:50:00+01:00,396.9170227050781,376.38800048828125,448.2547117376335,450.6687661148839,461.63742730506567
2013-12-21 02:00:00+01:00,348.5561828613281,302.2583923339844,400.7099785162038,410.0649144355615,403.1729341563465
2013-12-21 02:10:00+01:00,479.2811279296875,334.039794921875,367.18502072992464,366.9912654312416,376.41474246497603
2013-12-21 02:20:00+01:00,344.19622802734375,321.25628662109375,415.13728503923625,421.60264321958704,427.5271190857157
2013-12-21 02:30:00+01:00,423.1673889160156,274.6669006347656,351.30267858901544,366.351836765475,350.4224470084674
2013-12-21 02:40:00+01:00,399.7209167480469,295.477783203125,403.2903222286746,395.37989869694576,416.856708458535
2013-12-21 02:50:00+01:00,389.9676208496094,303.4792175292969,366.4739603635491,392.16990553901024,370.15758776706787
2013-12-21 03:00:00+01:00,368.22296142578125,269.95355224609375,378.9922895761537,388.0245368811121,391.6573671927069
2013-12-21 03:10:00+01:00,400.0104675292969,264.6365661621094,353.99066083328364,374.0526325052096,372.65453101036235
2013-12-21 03:20:00+01:00,342.7416076660156,304.628173828125,367.1494004855198,387.2305735846178,380.67946507464166
2013-12-21 03:30:00+01:00,298.1574401855469,258.4850158691406,335.3712378859958,357.8442558496682,348.5217338229895
2013-12-21 03:40:00+01:00,299.0245056152344,254.4398651123047,306.4101325182413,320.6835761568796,325.86761272494226
2013-12-21 03:50:00+01:00,308.5446472167969,292.40667724609375,286.53492515895385,306.3781332217771,304.4390869625753
2013-12-21 04:00:00+01:00,347.90203857421875,244.99835205078125,282.78066155175884,304.52944355517764,309.14811647033696
2013-12-21 04:10:00+01:00,346.21343994140625,281.6297607421875,304.1320692564486,325.31940165895236,327.73144334200606
2013-12-21 04:20:00+01:00,249.62515258789062,310.6495056152344,307.7544807057064,333.8313592469391,330.0897761919886
2013-12-21 04:30:00+01:00,243.95176696777344,270.8539123535156,255.4901381349693,281.04615127571856,275.6452443740683
2013-12-21 04:40:00+01:00,255.19741821289062,288.67059326171875,232.82003713725834,260.66090987553423,273.036578801877
2013-12-21 04:50:00+01:00,206.65225219726562,311.66558837890625,219.30628000717908,256.84208144021335,265.1298928157062
2013-12-21 05:00:00+01:00,213.54368591308594,340.30853271484375,196.69293591625643,225.68215842874716,225.74425691573887
2013-12-21 05:10:00+01:00,264.4783630371094,257.4002380371094,196.6185089369116,218.72345041728389,230.57057026711044
2013-12-21 05:20:00+01:00,190.69512939453125,263.8350524902344,216.8351331587676,241.42799103061878,246.89854687440845
2013-12-21 05:30:00+01:00,212.31594848632812,236.5823974609375,191.25694859937417,209.0248391046794,213.80599286215636
2013-12-21 05:40:00+01:00,240.7087860107422,278.8231506347656,204.25763753422822,211.74209470887996,237.7224204253438
2013-12-21 05:50:00+01:00,186.16050720214844,284.6566162109375,208.28018619859964,226.0601424974623,239.15595533604696
2013-12-21 06:00:00+01:00,223.51171875,254.3376007080078,191.41089372258048,201.3537837919085,210.8461167183059
2013-12-21 06:10:00+01:00,219.18960571289062,276.81292724609375,209.6813060389761,214.15153865938112,240.9958436108531
2013-12-21 06:20:00+01:00,205.64353942871094,281.81439208984375,202.10011347169922,215.25141515857962,223.56749260137434
2013-12-21 06:30:00+01:00,195.7517547607422,239.2689666748047,206.61590341646163,209.09321778701596,229.6270021809778
2013-12-21 06:40:00+01:00,246.6940155029297,286.489501953125,197.94047359080355,201.40646957562063,221.69430998680286
2013-12-21 06:50:00+01:00,202.8500213623047,352.12359619140625,226.35933081103082,225.3867031684077,251.7973390505212
2013-12-21 07:00:00+01:00,217.66114807128906,332.0283508300781,211.78260547489296,210.5154973682853,226.43454164673273
2013-12-21 07:10:00+01:00,227.7935028076172,333.047119140625,229.6841059991623,215.3880295580949,250.24223745488194
2013-12-21 07:20:00+01:00,215.32537841796875,385.9553527832031,229.859300594018,222.3110422120468,241.42689389649263
2013-12-21 07:30:00+01:00,221.06283569335938,387.94476318359375,233.59986010302939,218.59410013962287,247.98525935801214
2013-12-21 07:40:00+01:00,259.1468505859375,561.615234375,239.6850764046665,221.38085586299516,252.98627571784323
2013-12-21 07:50:00+01:00,272.07501220703125,627.857666015625,264.9560096239799,244.22371476485,283.99758732474504
2013-12-21 08:00:00+01:00,285.7214050292969,701.837890625,287.61124008507676,262.7344573653256,298.5535908275592
2013-12-21 08:10:00+01:00,278.9580078125,829.5209350585938,314.3801933109194,282.6362508323973,320.8514548679528
2013-12-21 08:20:00+01:00,278.1963806152344,994.8754272460938,318.0476499553683,290.86057385611844,307.53273669336636
2013-12-21 08:30:00+01:00,231.95675659179688,1025.44287109375,321.7468886212166,297.4556468990756,320.0247665315225
2013-12-21 08:40:00+01:00,309.9158630371094,1384.32861328125,285.87870501319634,270.5618696899714,283.3756053717956
2013-12-21 08:50:00+01:00,275.52032470703125,1571.477783203125,326.6626458818951,311.81161322276745,341.8499773560912
2013-12-21 09:00:00+01:00,274.7701110839844,1814.9302978515625,302.3864580405495,304.64255038748604,307.1096816939255
2013-12-21 09:10:00+01:00,374.7631530761719,2100.209228515625,311.68943119878395,305.0306585116344,327.85189932435424
2013-12-21 09:20:00+01:00,319.2448425292969,2204.1826171875,351.4979133353037,370.8060046075138,399.16445391746157
2013-12-21 09:30:00+01:00,368.6952819824219,2249.341552734375,331.9941287011235,362.8783910409031,364.06848095531876
2013-12-21 09:40:00+01:00,379.0768127441406,2339.18603515625,370.77668806664093,402.27606617651867,428.429218693945
2013-12-21 09:50:00+01:00,361.6336669921875,2431.093505859375,363.30102858919093,427.7408241099119,410.4392089810978
2013-12-21 10:00:00+01:00,431.41107177734375,2359.009765625,368.4355483698747,428.9725202040857,418.01112642494326
2013-12-21 10:10:00+01:00,454.8043212890625,2436.466796875,406.1196319763746,484.1032151924542,477.66984862159626
2013-12-21 10:20:00+01:00,413.9554138183594,2569.657470703125,430.1736764979438,524.4661233551993,496.24029097718875
2013-12-21 10:30:00+01:00,484.30364990234375,2629.247314453125,430.7868487188999,511.2174386411027,467.74736682199983
2013-12-21 10:40:00+01:00,528.7534790039062,2746.3515625,468.8776357522138,562.1427990515109,539.2241965291151
2013-12-21 10:50:00+01:00,653.6566772460938,2668.520751953125,496.89637040817485,612.0593976862792,561.8527312821927
2013-12-21 11:00:00+01:00,439.908203125,2748.245849609375,596.1006978169469,726.3084303480276,686.1340497414752
2013-12-21 11:10:00+01:00,483.705810546875,2844.2451171875,491.47523642552034,591.5020874574458,502.15354664757484
2013-12-21 11:20:00+01:00,482.5962219238281,2771.447509765625,503.35435028554986,580.5264948091194,534.0623851972484
2013-12-21 11:30:00+01:00,496.2711486816406,2981.77197265625,458.65741434398655,560.1836948504431,525.0246977428127
2013-12-21 11:40:00+01:00,505.2123107910156,3096.7255859375,484.39353662068623,553.0296278485685,543.5819837545109
2013-12-21 11:50:00+01:00,596.3699340820312,2980.4052734375,489.756439326892,549.2989555516572,538.7181753694773
2013-12-21 12:00:00+01:00,616.4279174804688,2922.023681640625,551.4358289471716,606.3759745578537,596.5451882839072
2013-12-21 12:10:00+01:00,672.2705688476562,3167.61962890625,588.0156182817564,641.3342840008823,659.2011314104457
2013-12-21 12:20:00+01:00,606.247802734375,3094.633056640625,655.9208104052419,695.5467514604422,718.0733534566144
2013-12-21 12:30:00+01:00,611.718017578125,3288.548095703125,633.2797707859484,669.9705428937621,641.9158179509974
2013-12-21 12:40:00+01:00,520.1665649414062,3428.2275390625,641.7002425032082,662.4280105650838,656.0685320250841
2013-12-21 12:50:00+01:00,497.53125,3247.31103515625,567.5930443709331,588.1124905070725,567.7428005744708
2013-12-21 13:00:00+01:00,499.4650573730469,3309.419921875,538.3914891496695,541.2283148695761,544.5858118761166
2013-12-21 13:10:00+01:00,581.154541015625,3445.058837890625,511.14029124228864,519.9213201829422,535.3350623903301
2013-12-21 13:20:00+01:00,552.1505737304688,3121.759033203125,554.3907341298726,559.8868397458112,572.6708254927403
2013-12-21 13:30:00+01:00,646.7218627929688,3351.35205078125,549.9486308900667,557.3275929961761,571.4525796200176
2013-12-21 13:40:00+01:00,643.5366821289062,3261.4306640625,618.0355318657655,616.1882781853826,648.098240470947
2013-12-21 13:50:00+01:00,555.0462036132812,3091.646240234375,621.0880529056832,638.3660627994228,659.649634302701
2013-12-21 14:00:00+01:00,589.1825561523438,3273.6484375,590.2723755028464,591.2493519601999,600.5058993842529
2013-12-21 14:10:00+01:00,602.5065307617188,3073.197265625,590.0648166909765,593.1023499939057,615.5153278190933
2013-12-21 14:20:00+01:00,520.0025634765625,3069.320068359375,584.3861956248306,597.1817690498331,612.160343965321
2013-12-21 14:30:00+01:00,454.64691162109375,2959.33984375,547.4816564394453,545.2418143021509,552.7049346685386
2013-12-21 14:40:00+01:00,489.8504638671875,3132.445556640625,491.719732883766,483.26456937415463,495.5735185869911
2013-12-21 14:50:00+01:00,527.1475219726562,2841.379150390625,484.3040352541496,478.8766168012564,505.3261558274872
2013-12-21 15:00:00+01:00,500.5272521972656,2857.44580078125,501.5957529513581,496.12098475999505,513.4080510444763
2013-12-21 15:10:00+01:00,549.468017578125,2897.92822265625,506.9043504961819,488.85993794748316,523.2677610315508
2013-12-21 15:20:00+01:00,474.72381591796875,2816.0341796875,543.1525570822084,516.8631799307997,548.7759147325922
2013-12-21 15:30:00+01:00,481.0931701660156,2770.797119140625,503.5990193165266,484.22747984427696,509.1470719550116
2013-12-21 15:40:00+01:00,564.0081176757812,3127.087646484375,511.5551158323084,477.52189413260066,515.076556453672
2013-12-21 15:50:00+01:00,470.29815673828125,2878.533935546875,547.3730200057408,521.5578232397066,539.6663710976494
2013-12-21 16:00:00+01:00,507.5578918457031,3007.193359375,512.7728841023877,483.8645250433258,486.8708449706338
2013-12-21 16:10:00+01:00,481.74786376953125,2896.5751953125,538.8218911320943,495.33359678206983,518.1645902412469
2013-12-21 16:20:00+01:00,476.9444885253906,2922.524169921875,502.6180192118867,482.6083181360389,481.3817959500074
2013-12-21 16:30:00+01:00,472.4902038574219,2883.484619140625,505.8378999161072,475.79570015646055,496.07133138262174
2013-12-21 16:40:00+01:00,574.7180786132812,2909.833251953125,490.9526029698961,470.2559356564616,489.0151204754294
2013-12-21 16:50:00+01:00,477.47222900390625,2684.657470703125,549.4720847640613,528.8782630571302,534.4064624209204
2013-12-21 17:00:00+01:00,509.3219909667969,2849.299072265625,506.4350146240645,494.5102932791292,494.3867047499175
2013-12-21 17:10:00+01:00,582.4520263671875,2931.25,531.6252209513594,506.1307075615243,530.4068935339244
2013-12-21 17:20:00+01:00,560.9600219726562,2573.30126953125,552.043167783724,554.6973261159698,553.269816132569
2013-12-21 17:30:00+01:00,488.48516845703125,2515.54296875,565.184046592479,563.6555524959668,567.3537825528066
2013-12-21 17:40:00+01:00,541.7732543945312,2507.943603515625,528.8109540021472,523.7858163597409,511.43016854571295
2013-12-21 17:50:00+01:00,444.574951171875,2226.53466796875,539.0665818259203,545.6726561369876,542.0467879592235
2013-12-21 18:00:00+01:00,530.271240234375,2203.54638671875,471.5390665793002,487.15438186110924,468.7210762120907
2013-12-21 18:10:00+01:00,533.8649291992188,2082.348876953125,520.4173602178196,523.6947550716553,535.8646370846722
2013-12-21 18:20:00+01:00,513.35546875,1719.5379638671875,512.7105054459671,538.8226630177047,502.8733475427932
2013-12-21 18:30:00+01:00,471.749755859375,1901.25,528.3201883160297,535.2391946673761,530.0665310973205
2013-12-21 18:40:00+01:00,558.7283325195312,1769.55419921875,494.8659694926922,508.13180215046043,502.68400643819615
2013-12-21 18:50:00+01:00,478.3382873535156,1628.4906005859375,534.0371745627145,557.0747318569736,548.2497016754014
2013-12-21 19:00:00+01:00,481.8416748046875,1499.5220947265625,489.76220488316187,521.2242258573315,497.3058860236386
2013-12-21 19:10:00+01:00,559.31787109375,1488.844482421875,495.09405199217156,513.9114254727546,504.13394014948403
2013-12-21 19:20:00+01:00,554.1040649414062,1333.239501953125,513.9432027552853,562.005526773963,525.9520159937013
2013-12-21 19:30:00+01:00,547.5673217773438,1216.8797607421875,526.182369812289,578.6383288620785,541.7320109568618
2013-12-21 19:40:00+01:00,554.0689086914062,1138.0107421875,537.2903505964964,584.9056817842138,558.3806568684115
2013-12-21 19:50:00+01:00,477.06854248046875,1066.633056640625,536.1226609440672,593.9494075472353,548.3787954149662
2013-12-21 20:00:00+01:00,460.97796630859375,1032.131591796875,493.25982584762846,541.5233911904694,496.6671240026148
2013-12-21 20:10:00+01:00,512.9554443359375,1043.82568359375,476.2171446551089,509.89526414556474,483.2870598531059
2013-12-21 20:20:00+01:00,443.4748229980469,1009.77685546875,492.6812625187487,529.5284984347389,501.2198349661392
2013-12-21 20:30:00+01:00,471.7085266113281,895.5723876953125,464.3982327863415,485.6304447059558,453.80992879139615
2013-12-21 20:40:00+01:00,444.98468017578125,914.8564453125,485.0372351359916,488.55805493840325,483.3376802970157
2013-12-21 20:50:00+01:00,426.4487609863281,885.6958618164062,456.7542363307968,468.7611387206834,442.92521422212303
2013-12-21 21:00:00+01:00,461.8109130859375,917.4472045898438,449.5223606273227,448.3013281955639,443.54088416912947
2013-12-21 21:10:00+01:00,464.0794677734375,873.7310791015625,458.4594403930996,461.9019348067257,457.447934310423
2013-12-21 21:20:00+01:00,454.7439270019531,781.0957641601562,462.03373890441554,467.3449588473179,443.3569362834504
2013-12-21 21:30:00+01:00,432.8028259277344,800.365234375,465.5082220431589,464.11635508450826,453.4515834404554
2013-12-21 21:40:00+01:00,455.8320007324219,801.4754638671875,449.2288942125693,448.6958775869695,442.5104942563042
2013-12-21 21:50:00+01:00,469.57806396484375,840.071533203125,458.0447998494411,456.67694534143465,447.76355858976507
2013-12-21 22:00:00+01:00,430.8071594238281,769.9395751953125,466.5996727553509,466.91463555831143,460.9409425693396
2013-12-21 22:10:00+01:00,462.6189880371094,678.9202880859375,451.9483929332459,446.17798351283955,433.53891116430844
2013-12-21 22:20:00+01:00,474.3350830078125,827.2145385742188,465.36921834392393,458.2733938469788,449.1809170308069
2013-12-21 22:30:00+01:00,472.1513977050781,803.5615234375,466.1461838235959,468.6298537478785,455.48930798299415
2013-12-21 22:40:00+01:00,466.9173278808594,721.7791748046875,473.1842336374508,471.78307430463605,467.42553393417916
2013-12-21 22:50:00+01:00,535.2953491210938,781.7197875976562,466.67287825181256,470.2014273839978,456.0243934031984
2013-12-21 23:00:00+01:00,518.0398559570312,704.713134765625,501.0603087440112,511.61169501485756,494.7625842808587
2013-12-21 23:10:00+01:00,441.8685302734375,847.9293823242188,499.9080603307217,518.0460358768021,503.2613716016073
2013-12-21 23:20:00+01:00,385.2778015136719,711.7117919921875,465.399278336448,473.4997770956318,439.6669974414199
2013-12-21 23:30:00+01:00,364.3630065917969,733.2740478515625,410.7996816394492,419.71881484534373,388.8333134452635
2013-12-21 23:40:00+01:00,409.0307922363281,672.7557983398438,375.47407515180055,384.1590730272505,379.7000085727115
2013-12-21 23:50:00+01:00,324.79205322265625,650.9423217773438,391.4535109821137,395.05107463514224,387.3143321643497
2013-12-22 00:00:00+01:00,464.2635803222656,660.8228149414062,348.69826883572733,345.0557544812437,329.7370942572769
2013-12-22 00:10:00+01:00,556.5269775390625,704.29638671875,431.77885231385545,408.5535076574468,419.7326418326444
2013-12-22 00:20:00+01:00,559.4771728515625,598.0852661132812,489.9472370299447,486.03738550947503,447.27963567458625
2013-12-22 00:30:00+01:00,679.3174438476562,612.6434936523438,563.3493857051452,530.596803584889,520.1697579416414
2013-12-22 00:40:00+01:00,820.984375,574.4143676757812,652.4877420430904,633.4430730591604,608.5978789195823
2013-12-22 00:50:00+01:00,884.4168701171875,538.6331787109375,753.0793368827138,778.0054460621062,750.5505116656211
2013-12-22 01:00:00+01:00,1037.0501708984375,506.62982177734375,847.8903702014073,903.8400314855132,872.0561874333275
2013-12-22 01:10:00+01:00,994.9923095703125,487.7431945800781,970.9215239606867,1090.8573728610725,1057.8540554731162
2013-12-22 01:20:00+01:00,1163.5909423828125,479.3909912109375,974.1475458654478,1162.736919646769,1025.5830964119214
2013-12-22 01:30:00+01:00,957.094482421875,435.40777587890625,1089.6730981798364,1340.290085606442,1251.6243216954524
2013-12-22 01:40:00+01:00,955.5930786132812,471.49017333984375,973.4747195694994,1238.090079070686,965.1110824306603
2013-12-22 01:50:00+01:00,995.6389770507812,396.9170227050781,972.2329294298697,1191.1293132748892,943.7850730665409
2013-12-22 02:00:00+01:00,985.5195922851562,348.5561828613281,943.1727186063374,1182.7852607436243,998.7657651475957
2013-12-22 02:10:00+01:00,1118.0166015625,479.2811279296875,952.8448623749609,1150.6793612735257,1025.2764974282059
2013-12-22 02:20:00+01:00,1052.2269287109375,344.19622802734375,1033.9496072338707,1220.763889313659,1134.0426759651023
2013-12-22 02:30:00+01:00,1061.6436767578125,423.1673889160156,1012.978952823305,1185.552697238753,1057.6283150225663
2013-12-22 02:40:00+01:00,835.6273803710938,399.7209167480469,1032.2189334906236,1169.3806992741513,1112.6690773667656
2013-12-22 02:50:00+01:00,1041.64990234375,389.9676208496094,870.2351245911289,981.6262726403668,847.6397663498801
2013-12-22 03:00:00+01:00,999.2084350585938,368.22296142578125,949.2393308724173,1046.9151221384975,965.850998114747
2013-12-22 03:10:00+01:00,820.4097290039062,400.0104675292969,905.6868412356433,1036.5165873961441,941.9887465012761
2013-12-22 03:20:00+01:00,755.2863159179688,342.7416076660156,847.7369904681733,903.9196429758026,823.3388480396289
2013-12-22 03:30:00+01:00,766.4912719726562,298.1574401855469,761.2215671793371,800.861908692815,722.0551052636299
2013-12-22 03:40:00+01:00,650.0858764648438,299.0245056152344,723.869227466817,760.2874844124361,708.8078490116897
2013-12-22 03:50:00+01:00,542.87255859375,308.5446472167969,647.3735853381926,665.5386768742671,626.7095985717616
2013-12-22 04:00:00+01:00,566.5800170898438,347.90203857421875,562.0786512675269,558.8538637516514,525.7126834905339
2013-12-22 04:10:00+01:00,569.7811889648438,346.21343994140625,529.158078015324,529.2140931988108,496.2069123527323
2013-12-22 04:20:00+01:00,532.1655883789062,249.62515258789062,508.3545979011343,518.6112509830057,498.0124070576249
2013-12-22 04:30:00+01:00,370.3822021484375,243.95176696777344,488.81042286056345,497.3202224919649,493.9324949920669
2013-12-22 04:40:00+01:00,393.5229187011719,255.19741821289062,382.29026003401384,397.69555330498366,357.3743793379162
2013-12-22 04:50:00+01:00,431.6819152832031,206.65225219726562,362.4527675153165,375.22530683445876,368.4209957016614
2013-12-22 05:00:00+01:00,362.13433837890625,213.54368591308594,357.1846343245415,384.69968330965753,363.111994342133
2013-12-22 05:10:00+01:00,220.0657196044922,264.4783630371094,339.5570718382178,355.53032895923764,331.4770045736067
2013-12-22 05:20:00+01:00,183.95947265625,190.69512939453125,250.69689594007167,265.1437724811894,227.37813965379368
2013-12-22 05:30:00+01:00,186.99693298339844,212.31594848632812,198.6637744948909,214.10128338348972,206.05939101492467
2013-12-22 05:40:00+01:00,184.61204528808594,240.7087860107422,175.66921573286825,195.03780653463747,193.78264144814673
2013-12-22 05:50:00+01:00,196.37655639648438,186.16050720214844,172.36585626624685,184.9679556577243,186.02060417627357
2013-12-22 06:00:00+01:00,167.44131469726562,223.51171875,181.14040602110313,186.38468150613386,183.46372501165746
2013-12-22 06:10:00+01:00,171.16751098632812,219.18960571289062,166.5046247469842,173.72160840576916,174.44699844764452
2013-12-22 06:20:00+01:00,191.29348754882812,205.64353942871094,167.330866960736,171.40659426338328,175.8202283403961
2013-12-22 06:30:00+01:00,161.44586181640625,195.7517547607422,174.05956654726873,179.57297928098504,184.94819867522594
2013-12-22 06:40:00+01:00,170.60726928710938,246.6940155029297,164.44227500991167,169.27623143424805,167.50043073013902
2013-12-22 06:50:00+01:00,174.6964111328125,202.8500213623047,171.5247176321884,170.73546151044133,170.75006256083233
2013-12-22 07:00:00+01:00,181.15367126464844,217.66114807128906,171.09906678352363,173.0370194090218,166.7878506327218
2013-12-22 07:10:00+01:00,198.82334899902344,227.7935028076172,182.6143493007352,177.78058237087228,174.9843030305951
2013-12-22 07:20:00+01:00,179.38575744628906,215.32537841796875,198.19103501886076,189.30304010397168,191.57553125119307
2013-12-22 07:30:00+01:00,180.79420471191406,221.06283569335938,193.96403518773448,185.93999341031167,182.76999179526254
2013-12-22 07:40:00+01:00,190.41839599609375,259.1468505859375,197.89247093341794,186.84346194948907,186.36594498309304
2013-12-22 07:50:00+01:00,172.8142852783203,272.07501220703125,201.48801370149982,192.3630020134131,192.0281547200308
2013-12-22 08:00:00+01:00,196.8536834716797,285.7214050292969,195.7933022208062,185.80540398657817,183.45024924574895
2013-12-22 08:10:00+01:00,315.6802673339844,278.9580078125,213.2005413786012,196.3803958719746,201.47214974333457
2013-12-22 08:20:00+01:00,185.09996032714844,278.1963806152344,286.7910269689448,258.4903990990703,284.7953623390458
2013-12-22 08:30:00+01:00,205.3013916015625,231.95675659179688,236.68632010179178,220.96571593676444,201.64304851088866
2013-12-22 08:40:00+01:00,277.9974670410156,309.9158630371094,253.71647310825247,223.98102580256835,224.6241714073381
2013-12-22 08:50:00+01:00,269.707763671875,275.52032470703125,266.10596799595567,262.3550358917983,262.3295259811166
2013-12-22 09:00:00+01:00,229.3106231689453,274.7701110839844,285.8395522531382,276.62534767387194,275.0826597799214
2013-12-22 09:10:00+01:00,251.14210510253906,374.7631530761719,268.4698836622625,262.0455653309562,244.24876556716623
2013-12-22 09:20:00+01:00,241.25100708007812,319.2448425292969,263.19227350840526,270.08170287240546,257.72342304940054
2013-12-22 09:30:00+01:00,260.74566650390625,368.6952819824219,245.8393130974267,265.1728819817326,255.24595127912147
2013-12-22 09:40:00+01:00,289.5527038574219,379.0768127441406,257.69148010057313,274.27948537526606,285.3051700503055
2013-12-22 09:50:00+01:00,317.61767578125,361.6336669921875,270.95776945400036,294.2417602910758,291.7133880126742
2013-12-22 10:00:00+01:00,268.85626220703125,431.41107177734375,296.687123753888,320.47930670380754,320.3084022547274
2013-12-22 10:10:00+01:00,294.92974853515625,454.8043212890625,278.8246766326135,302.8965625886204,289.21292223004167
2013-12-22 10:20:00+01:00,320.8619384765625,413.9554138183594,292.10926224763654,313.02810838808074,307.7761548196797
2013-12-22 10:30:00+01:00,332.91961669921875,484.30364990234375,300.7297577290683,330.7124408989577,328.5182856862035
2013-12-22 10:40:00+01:00,343.0650634765625,528.7534790039062,322.4555485124376,345.46329638206254,354.7661484057785
2013-12-22 10:50:00+01:00,319.654296875,653.6566772460938,335.25502974671497,358.6245418952208,356.6880228301559
2013-12-22 11:00:00+01:00,393.04241943359375,439.908203125,323.4369338880143,349.0419685433305,340.96695835247016
2013-12-22 11:10:00+01:00,390.87640380859375,483.705810546875,361.2532183024706,390.0422582212803,425.38245695954816
2013-12-22 11:20:00+01:00,340.58953857421875,482.5962219238281,364.7345504847986,404.8791210720599,406.3379462880505
2013-12-22 11:30:00+01:00,336.16986083984375,496.2711486816406,351.1777451146908,379.4877404864909,383.4886117862973
2013-12-22 11:40:00+01:00,408.2396545410156,505.2123107910156,335.13409808620844,365.57003090149936,367.63542175391626
2013-12-22 11:50:00+01:00,390.3638916015625,596.3699340820312,365.1510281318728,400.89931772814197,410.5122331237355
2013-12-22 12:00:00+01:00,392.3363037109375,616.4279174804688,371.81816926778714,402.4727006030434,404.0152115317904
2013-12-22 12:10:00+01:00,410.1356201171875,672.2705688476562,391.12731338134006,405.7342233149587,420.7777791517166
2013-12-22 12:20:00+01:00,415.60223388671875,606.247802734375,399.00164508790647,417.33758435366957,419.237873362437
2013-12-22 12:30:00+01:00,443.7890625,611.718017578125,411.2495165747207,424.5127310112357,441.6008948012316
2013-12-22 12:40:00+01:00,465.21929931640625,520.1665649414062,435.9761315508355,444.65287048087475,463.40245208202685
2013-12-22 12:50:00+01:00,453.281982421875,497.53125,455.677275302669,465.89466079333823,461.5065384413737
2013-12-22 13:00:00+01:00,546.5487060546875,499.4650573730469,458.4086268483001,467.47540507195544,465.47841190537116
2013-12-22 13:10:00+01:00,502.91729736328125,581.154541015625,512.246250680747,526.9730099329128,542.8782172592503
2013-12-22 13:20:00+01:00,499.9190368652344,552.1505737304688,496.7790754695461,523.789887770533,508.91811921556126
2013-12-22 13:30:00+01:00,481.3729248046875,646.7218627929688,506.5320490018035,523.7810098737681,517.6895291686985
2013-12-22 13:40:00+01:00,523.1231689453125,643.5366821289062,478.0243816181634,510.3325514091167,500.78801584483836
2013-12-22 13:50:00+01:00,493.44873046875,555.0462036132812,498.86562500873555,531.6089483896569,525.1809327995886
2013-12-22 14:00:00+01:00,613.0567626953125,589.1825561523438,483.4743008552936,518.9966581361462,498.416652220503
2013-12-22 14:10:00+01:00,622.089111328125,602.5065307617188,556.805208662493,592.8295115814946,593.701779854707
2013-12-22 14:20:00+01:00,585.4620971679688,520.0025634765625,574.5375970175927,631.1494960705722,603.5900767120467
2013-12-22 14:30:00+01:00,575.9383544921875,454.64691162109375,586.3636006660904,628.5280232200818,599.4715487929358
2013-12-22 14:40:00+01:00,565.0086059570312,489.8504638671875,570.2062767407264,624.6739745699228,590.5599924051647
2013-12-22 14:50:00+01:00,508.6246643066406,527.1475219726562,554.4458507324509,615.6078402980702,586.3883388841456
2013-12-22 15:00:00+01:00,573.5636596679688,500.5272521972656,518.7601986947203,570.4402337528983,530.0177785575216
2013-12-22 15:10:00+01:00,540.9849853515625,549.468017578125,547.4843241515298,597.7252490522255,572.3044434772507
2013-12-22 15:20:00+01:00,499.3559875488281,474.72381591796875,531.66341443579,582.5715188770479,542.2247606960921
2013-12-22 15:30:00+01:00,538.5697631835938,481.0931701660156,522.8786901622267,547.8265273098989,534.2327813181533
2013-12-22 15:40:00+01:00,542.6969604492188,564.0081176757812,533.8683030076232,560.3589314998246,548.6573292311708
2013-12-22 15:50:00+01:00,526.4453735351562,470.29815673828125,539.668577166382,565.4854813799943,548.4556978501317
2013-12-22 16:00:00+01:00,529.1865234375,507.5578918457031,544.2445762656298,556.2909233071482,551.8855295950002
2013-12-22 16:10:00+01:00,572.5314331054688,481.74786376953125,542.2687899782878,554.2404655885986,545.8402680356604
2013-12-22 16:20:00+01:00,532.549072265625,476.9444885253906,563.7826321538209,581.2890161895868,567.8313316848488
2013-12-22 16:30:00+01:00,580.4256591796875,472.4902038574219,546.3422155476669,564.1607771893215,552.5965967714393
2013-12-22 16:40:00+01:00,647.194091796875,574.7180786132812,575.2353637622152,590.0699856205717,579.0674156227649
2013-12-22 16:50:00+01:00,558.8858642578125,477.47222900390625,608.7236123479014,642.680056970585,602.7078259980447
2013-12-22 17:00:00+01:00,547.6403198242188,509.3219909667969,580.0505879354212,604.6824581362814,571.7230943003672
2013-12-22 17:10:00+01:00,564.8172607421875,582.4520263671875,567.8508679055208,583.5571370955333,551.6768778346354
2013-12-22 17:20:00+01:00,590.0938720703125,560.9600219726562,552.4644015685444,583.1671845102625,557.3732272630733
2013-12-22 17:30:00+01:00,563.3900146484375,488.48516845703125,569.5421474781522,596.7992174984099,572.3218952288886
2013-12-22 17:40:00+01:00,624.6272583007812,541.7732543945312,560.1645971332398,583.51329931323,565.6372786922594
2013-12-22 17:50:00+01:00,532.3870239257812,444.574951171875,594.4339722455237,617.7415964809273,589.6348920747002
2013-12-22 18:00:00+01:00,516.3780517578125,530.271240234375,541.7693350103324,569.0598685243773,542.6166700686115
2013-12-22 18:10:00+01:00,556.7154541015625,533.8649291992188,529.6145327954009,540.7239771755117,529.5578253740248
2013-12-22 18:20:00+01:00,513.0400390625,513.35546875,528.1573245598306,552.2535274872774,535.2069536787287
2013-12-22 18:30:00+01:00,496.2418212890625,471.749755859375,510.38307569189334,526.9176582984428,511.0568249663254
2013-12-22 18:40:00+01:00,521.3202514648438,558.7283325195312,501.71456305470394,506.7904253868916,502.6593126587391
2013-12-22 18:50:00+01:00,449.22076416015625,478.3382873535156,501.1251684182967,513.2061077119522,509.708897469076
2013-12-22 19:00:00+01:00,456.6103820800781,481.8416748046875,457.88124580264844,469.1490839976069,463.9236176812798
2013-12-22 19:10:00+01:00,406.39129638671875,559.31787109375,451.6813689657324,457.636726976428,467.56829664675666
2013-12-22 19:20:00+01:00,376.73846435546875,554.1040649414062,402.7367241226712,419.944364806718,413.48458077294697
2013-12-22 19:30:00+01:00,331.3847961425781,547.5673217773438,377.2351477999701,387.4485843908884,398.5688657289483
2013-12-22 19:40:00+01:00,360.7095947265625,554.0689086914062,332.6152601034487,346.5785636668764,356.0605721869767
2013-12-22 19:50:00+01:00,288.1463317871094,477.06854248046875,337.77616055193863,347.8914274567164,359.4788034746248
2013-12-22 20:00:00+01:00,307.36151123046875,460.97796630859375,293.15983854649346,304.8205767257617,309.66189595723307
2013-12-22 20:10:00+01:00,340.169189453125,512.9554443359375,303.08970863755025,301.83046828698326,322.5234594004297
2013-12-22 20:20:00+01:00,283.1995544433594,443.4748229980469,311.739837745245,317.41788325742885,319.6776228705756
2013-12-22 20:30:00+01:00,283.0353698730469,471.7085266113281,295.09809796009137,292.6423762501612,300.4628422195122
2013-12-22 20:40:00+01:00,243.07598876953125,444.98468017578125,293.15333822035706,285.711261175484,299.3570265368316
2013-12-22 20:50:00+01:00,211.08590698242188,426.4487609863281,255.87646362981462,259.4561411145645,255.19923734591407
2013-12-22 21:00:00+01:00,229.33755493164062,461.8109130859375,230.1086910765767,231.57089479222387,230.2067761117316
2013-12-22 21:10:00+01:00,252.6313018798828,464.0794677734375,226.3757283970852,230.8669195576579,235.9074199041771
2013-12-22 21:20:00+01:00,232.5563507080078,454.7439270019531,236.71455466785332,241.4405823062934,235.72555565791657
2013-12-22 21:30:00+01:00,243.38851928710938,432.8028259277344,234.8645160363769,235.11746571413497,233.9028798992716
2013-12-22 21:40:00+01:00,239.44940185546875,455.8320007324219,242.64676436788233,240.00247294321068,245.66628062995076
2013-12-22 21:50:00+01:00,226.1397247314453,469.57806396484375,237.48451385165487,239.77929748711267,238.011954053759
2013-12-22 22:00:00+01:00,218.93284606933594,430.8071594238281,232.8324390335208,232.78344860874685,236.40063778732096
2013-12-22 22:10:00+01:00,234.47743225097656,462.6189880371094,224.75848141027234,226.1041617655516,226.6212123296838
2013-12-22 22:20:00+01:00,231.87493896484375,474.3350830078125,229.6833033964613,231.54300449516958,229.84183716924596
2013-12-22 22:30:00+01:00,213.883544921875,472.1513977050781,228.87454825440906,231.57680906760703,230.95285653829166
2013-12-22 22:40:00+01:00,209.93727111816406,466.9173278808594,219.9196954032838,221.78318468376435,223.90675953172206
2013-12-22 22:50:00+01:00,209.0928192138672,535.2953491210938,211.41074208368704,215.8337850585838,216.9597106036226
2013-12-22 23:00:00+01:00,213.30538940429688,518.0398559570312,204.9530321997614,212.1903321731782,216.76242549913087
2013-12-22 23:10:00+01:00,238.21701049804688,441.8685302734375,206.12872900816402,212.39711021170655,219.7068178035328
2013-12-22 23:20:00+01:00,188.37274169921875,385.2778015136719,220.89804132651594,225.60591439858223,233.44195562369035
2013-12-22 23:30:00+01:00,219.61611938476562,364.3630065917969,197.27792952618213,202.7609688251885,202.4766638450225
2013-12-22 23:40:00+01:00,247.0048370361328,409.0307922363281,214.11423660387734,212.87221438393732,228.88657355591656
2013-12-22 23:50:00+01:00,202.41368103027344,324.79205322265625,225.10412784653474,230.1843553345332,240.83461891937708
