timestamp,actual,naive,arima,lstm,tcn
2013-12-16 00:00:00+01:00,346.46026611328125,617.8548583984375,354.0584743636913,357.7305179642997,344.6742576818235
2013-12-16 00:10:00+01:00,335.4793701171875,518.4885864257812,333.4269389298086,335.45689777232053,330.691302771695
2013-12-16 00:20:00+01:00,321.91082763671875,502.6976318359375,311.43220542552314,318.31381946001164,313.11155360274745
2013-12-16 00:30:00+01:00,286.60003662109375,423.2685852050781,291.42072371827106,304.2260235541076,303.89390539807994
2013-12-16 00:40:00+01:00,299.6622009277344,399.1672668457031,264.5441465325855,287.6328325757408,282.0948252761234
2013-12-16 00:50:00+01:00,247.85450744628906,370.3970947265625,256.0280746951706,277.7755762874409,279.44132850946295
2013-12-16 01:00:00+01:00,235.4923553466797,333.7028503417969,228.00728879716024,261.21266795926266,245.8701364735866
2013-12-16 01:10:00+01:00,268.6986389160156,319.21246337890625,213.7845539496543,245.82482828634897,236.02520917027084
2013-12-16 01:20:00+01:00,252.0726318359375,328.19091796875,218.9550074208787,241.22515139199209,241.25857268026348
2013-12-16 01:30:00+01:00,218.37957763671875,307.7166748046875,214.41909620690348,236.51368753645326,232.35798511014949
2013-12-16 01:40:00+01:00,231.682373046875,280.9683837890625,204.15123517385834,226.58288902914126,217.64805541155147
2013-12-16 01:50:00+01:00,209.62327575683594,297.2444763183594,208.6220128806318,221.3463407675738,219.40908844292025
2013-12-16 02:00:00+01:00,209.1171112060547,296.8092041015625,200.81252619312454,213.65023167878695,200.07146062958572
2013-12-16 02:10:00+01:00,235.20217895507812,275.2043762207031,199.36607895725047,207.70728427978068,205.56621301215637
2013-12-16 02:20:00+01:00,214.24267578125,295.965576171875,207.7262197565647,208.74635560996248,208.54223381367854
2013-12-16 02:30:00+01:00,207.9650115966797,288.8057861328125,200.79428807751884,206.7025231009178,199.02332138059037
2013-12-16 02:40:00+01:00,218.9016876220703,261.1806640625,197.03960737998392,203.69700390071543,204.81916696236908
2013-12-16 02:50:00+01:00,192.52117919921875,364.0741271972656,199.24598795282384,203.60088333410658,204.2108661402067
2013-12-16 03:00:00+01:00,199.50375366210938,311.5498352050781,188.99602266430577,198.48716064959845,188.25776097456142
2013-12-16 03:10:00+01:00,205.0874786376953,293.97247314453125,190.76827759569832,195.6325156390426,195.7944449650308
2013-12-16 03:20:00+01:00,198.84103393554688,271.56915283203125,193.80598479309668,195.08521967931864,190.92635728148815
2013-12-16 03:30:00+01:00,199.2838592529297,252.2216339111328,194.00860580195956,193.9385571759033,192.27986101972857
2013-12-16 03:40:00+01:00,209.12245178222656,242.80673217773438,195.95032498205902,193.35852669755548,196.4495414822955
2013-12-16 03:50:00+01:00,184.2607879638672,245.76864624023438,200.8295806902795,195.337291262446,200.30222201366252
2013-12-16 04:00:00+01:00,201.11851501464844,236.2476043701172,190.96821316866726,191.98738584723296,186.13937283013377
2013-12-16 04:10:00+01:00,209.1101531982422,220.81198120117188,195.06469315747026,192.74231136535684,200.36610453556892
2013-12-16 04:20:00+01:00,183.4329833984375,274.60772705078125,197.20929574568459,195.90806237191873,197.1240705058648
2013-12-16 04:30:00+01:00,199.95718383789062,239.82627868652344,187.5567821922895,193.2365752940318,190.33365465708363
2013-12-16 04:40:00+01:00,200.83169555664062,224.39930725097656,193.34696085216262,194.56677272691596,202.10220934086306
2013-12-16 04:50:00+01:00,179.14810180664062,242.96359252929688,195.3784078410164,196.71496111095803,198.56512934683226
2013-12-16 05:00:00+01:00,210.1460418701172,221.0352020263672,188.7945102955377,193.72415164504358,191.88584584982624
2013-12-16 05:10:00+01:00,205.14393615722656,230.16908264160156,201.7823423208086,198.45383235661515,212.5263122877337
2013-12-16 05:20:00+01:00,189.92652893066406,224.53164672851562,202.5624894294585,202.66263381611734,201.2818564833166
2013-12-16 05:30:00+01:00,202.2359619140625,222.7665252685547,197.56605824448036,202.7354428188889,204.71893664388506
2013-12-16 05:40:00+01:00,209.5828094482422,230.71017456054688,200.81585188234448,205.79337615170712,211.86615213430886
2013-12-16 05:50:00+01:00,187.69508361816406,264.2810363769531,203.3132619507916,210.9628086859125,210.18518289892558
2013-12-16 06:00:00+01:00,199.13739013671875,232.15658569335938,195.54706018155105,210.28017086647472,205.881350082161
2013-12-16 06:10:00+01:00,207.14259338378906,233.92330932617188,200.89918613100198,212.54333788536172,213.1426538347702
2013-12-16 06:20:00+01:00,193.5240478515625,241.91744995117188,208.09781880107744,217.40165911606292,208.8685357698604
2013-12-16 06:30:00+01:00,233.35507202148438,253.59950256347656,209.12949545456325,218.602537551956,214.67865401279252
2013-12-16 06:40:00+01:00,318.2608947753906,242.08346557617188,233.2069244709076,230.12139799092424,241.26763743397706
2013-12-16 06:50:00+01:00,289.0318908691406,270.68292236328125,280.74667965056636,261.7302822571654,281.17050984872964
2013-12-16 07:00:00+01:00,270.34906005859375,246.90765380859375,293.77016927753795,287.26767811747305,287.83140059982384
2013-12-16 07:10:00+01:00,247.37620544433594,261.54449462890625,301.1725208189901,303.6008967919861,296.343233868322
2013-12-16 07:20:00+01:00,269.40008544921875,279.17376708984375,294.54169165556607,308.586418237731,275.01853899325505
2013-12-16 07:30:00+01:00,277.7561950683594,267.33154296875,303.68382549298195,317.58750615626576,311.3220779271428
2013-12-16 07:40:00+01:00,299.50860595703125,276.8534240722656,310.06555291226033,328.04985067758383,317.63334951163444
2013-12-16 07:50:00+01:00,318.2389831542969,280.8197326660156,327.7564876175682,343.6739275920752,344.79600062945974
2013-12-16 08:00:00+01:00,395.32354736328125,268.5918273925781,350.42702906803254,363.4120493757743,378.4838751770316
2013-12-16 08:10:00+01:00,432.1943359375,298.42535400390625,406.4116188193478,403.0339388722405,464.7596826840669
2013-12-16 08:20:00+01:00,419.6882019042969,330.80316162109375,458.28411179375075,451.45339768873004,492.4256673250617
2013-12-16 08:30:00+01:00,572.1271362304688,353.7738952636719,491.2188004595015,490.47021133094427,524.741985431056
2013-12-16 08:40:00+01:00,695.2920532226562,453.24981689453125,593.9488141140854,564.1444899737913,649.5599790339396
2013-12-16 08:50:00+01:00,704.8020629882812,440.5480651855469,696.9641544110159,667.0112795899098,742.4433370774284
2013-12-16 09:00:00+01:00,789.2131958007812,478.7310485839844,761.9199953917931,763.2930928605725,813.8560052545328
2013-12-16 09:10:00+01:00,869.7986450195312,506.275146484375,847.2095423212905,862.2285122008857,925.1776826787457
2013-12-16 09:20:00+01:00,834.4705810546875,694.0864868164062,926.9075353248783,960.4908930944763,1008.9031030485627
2013-12-16 09:30:00+01:00,946.5521240234375,641.4094848632812,953.6465175171936,1019.484885071733,1025.5584025468604
2013-12-16 09:40:00+01:00,943.6082763671875,721.6055908203125,1037.1788577313705,1081.4328707240745,1132.3731988092343
2013-12-16 09:50:00+01:00,961.7044677734375,907.7252197265625,1075.2412487366328,1121.1217560509704,1137.6610733517748
2013-12-16 10:00:00+01:00,1011.9495849609375,1114.5947265625,1120.548224793001,1145.335743720303,1220.3698290083587
2013-12-16 10:10:00+01:00,947.5970458984375,1228.5955810546875,1177.1756293730907,1170.258858775159,1257.0579095681628
2013-12-16 10:20:00+01:00,1048.656005859375,1423.197509765625,1175.4470019648772,1166.2388562946007,1221.7046230757444
2013-12-16 10:30:00+01:00,1179.4793701171875,1654.0882568359375,1241.8751393600892,1183.8704543874535,1299.5924942512445
2013-12-16 10:40:00+01:00,1383.9190673828125,1956.667724609375,1330.1087395859497,1237.33456906848,1335.6725725132455
2013-12-16 10:50:00+01:00,1328.74169921875,2178.823486328125,1470.2514068912521,1341.3872422165086,1490.1247766160423
2013-12-16 11:00:00+01:00,1379.059814453125,2410.5361328125,1508.785407627696,1425.540595363272,1479.8482129654487
2013-12-16 11:10:00+01:00,1550.868896484375,2694.75634765625,1570.5863042900728,1498.4974216988917,1555.8048094652115
2013-12-16 11:20:00+01:00,1559.009765625,2692.795166015625,1673.5251313403712,1593.5860284836579,1667.4204553327525
2013-12-16 11:30:00+01:00,1864.4412841796875,3070.390625,1709.2045248769489,1672.675782316529,1742.810950500286
2013-12-16 11:40:00+01:00,1848.0159912109375,3627.38525390625,1868.6836699771286,1801.5979355260806,1906.635313079875
2013-12-16 11:50:00+01:00,1709.395751953125,4001.855712890625,1911.183222339714,1912.2398208239372,1895.9488021438253
2013-12-16 12:00:00+01:00,1961.15869140625,3704.959716796875,1881.766262928013,1953.8980606530952,1927.4552406694397
2013-12-16 12:10:00+01:00,2086.645751953125,3940.87890625,1993.7348077254264,2024.6801925620944,2093.602657534704
2013-12-16 12:20:00+01:00,1910.0787353515625,4146.15234375,2079.0488814543137,2113.616128478976,2142.0711868794106
2013-12-16 12:30:00+01:00,2116.087646484375,4702.42919921875,2053.987085875141,2141.689821089512,2078.5641224293704
2013-12-16 12:40:00+01:00,2292.748291015625,4197.48388671875,2170.3140827727216,2193.1371883787374,2218.425736459207
2013-12-16 12:50:00+01:00,2109.009521484375,4313.29736328125,2294.1309765266437,2278.353440219396,2328.327953271737
2013-12-16 13:00:00+01:00,2360.444580078125,4521.21826171875,2281.076796142606,2310.0941527976433,2314.3193646267646
2013-12-16 13:10:00+01:00,2505.14501953125,4276.9794921875,2422.6730547541624,2376.067907584157,2429.126793831879
2013-12-16 13:20:00+01:00,2585.238037109375,4215.81103515625,2527.657677573761,2469.170823037656,2509.9987205484076
2013-12-16 13:30:00+01:00,2969.4912109375,4585.1259765625,2611.560260962825,2568.717134214515,2639.0897920050443
2013-12-16 13:40:00+01:00,3057.330078125,4331.67578125,2809.731942179653,2731.46491041443,2825.32499010507
2013-12-16 13:50:00+01:00,2938.055908203125,4647.47265625,2908.193585968682,2902.8711347574886,2905.8379180842408
2013-12-16 14:00:00+01:00,2866.06982421875,4314.4951171875,2906.2799379446556,3017.6560185228404,2939.4921344883373
2013-12-16 14:10:00+01:00,2798.730224609375,4461.578125,2873.9958666167927,3069.573831389101,2937.1613430093917
2013-12-16 14:20:00+01:00,2803.09423828125,4641.8359375,2815.002318171073,3066.6498754359445,2900.0392130327746
2013-12-16 14:30:00+01:00,2646.840087890625,4657.42626953125,2779.425385221101,3039.3197854757955,2895.613434169347
2013-12-16 14:40:00+01:00,2462.657470703125,4848.69873046875,2685.4383298337984,2965.860666957407,2776.055409429446
2013-12-16 14:50:00+01:00,2350.530029296875,4774.55029296875,2570.6329948353646,2842.9863962466466,2642.459943160483
2013-12-16 15:00:00+01:00,2328.25537109375,5094.70263671875,2474.600388437644,2699.4540559993143,2585.5797741038086
2013-12-16 15:10:00+01:00,2480.486083984375,4900.98583984375,2420.315753953831,2572.935680488096,2532.1418314210255
2013-12-16 15:20:00+01:00,2310.557861328125,4870.212890625,2458.1659996449575,2513.8293249219205,2556.5112552274954
2013-12-16 15:30:00+01:00,2615.643310546875,4977.63916015625,2388.319837278467,2451.4737094420425,2452.5435791444697
2013-12-16 15:40:00+01:00,2538.410400390625,5138.29638671875,2507.307669022656,2470.4743781509987,2610.7177052556494
2013-12-16 15:50:00+01:00,2448.4736328125,5059.0966796875,2499.2555320985225,2498.9231529410663,2563.076993373603
2013-12-16 16:00:00+01:00,2772.013671875,5037.60595703125,2474.7927244808147,2506.2089170925924,2549.5042141982417
2013-12-16 16:10:00+01:00,2690.51953125,5495.6630859375,2601.824764174178,2571.908707229146,2682.9262841290515
2013-12-16 16:20:00+01:00,2592.64794921875,5228.2138671875,2599.8073532210624,2627.0729169935385,2640.5087140878654
2013-12-16 16:30:00+01:00,2785.39111328125,5216.353515625,2579.4307288974865,2644.597448934146,2593.8786541957156
2013-12-16 16:40:00+01:00,2619.2587890625,4891.53857421875,2656.1287191911433,2682.6836331924874,2696.494756171068
2013-12-16 16:50:00+01:00,2633.58642578125,4855.82861328125,2601.306136562615,2681.0909710163974,2587.4823278178087
2013-12-16 17:00:00+01:00,2544.475830078125,5024.623046875,2598.380597014462,2665.3227170213395,2652.8565631087413
2013-12-16 17:10:00+01:00,2674.036865234375,5049.59765625,2542.121047511561,2624.21704655391,2567.400027608646
2013-12-16 17:20:00+01:00,2557.114990234375,4870.10107421875,2567.9043928652063,2606.8264506497135,2613.654942246814
2013-12-16 17:30:00+01:00,2391.755126953125,5109.1318359375,2507.555554446257,2573.7057415314,2587.9226070349378
2013-12-16 17:40:00+01:00,2553.3017578125,4830.6220703125,2414.467762128104,2503.6794822514526,2509.9734385115144
2013-12-16 17:50:00+01:00,2696.691162109375,4632.5673828125,2440.5248824534656,2467.6946276197423,2539.4934708171086
2013-12-16 18:00:00+01:00,2386.359130859375,4651.0078125,2486.7931569859443,2477.1135767876717,2625.985919294794
2013-12-16 18:10:00+01:00,2363.58154296875,4238.47021484375,2373.914982514491,2435.9667482721015,2476.9893303780245
2013-12-16 18:20:00+01:00,2429.09033203125,4344.7490234375,2335.5572560928545,2379.889367105085,2417.8106984036754
2013-12-16 18:30:00+01:00,2416.330810546875,4521.73388671875,2322.6685413544305,2340.7600423233025,2435.965919327372
2013-12-16 18:40:00+01:00,2332.4736328125,4171.736328125,2290.674034482278,2310.182043663902,2427.6267795602794
2013-12-16 18:50:00+01:00,2197.790771484375,3998.057861328125,2229.935028830656,2270.2118327450826,2311.878567473953
2013-12-16 19:00:00+01:00,2127.232666015625,3769.2001953125,2135.613247143201,2205.4720991346885,2256.4209840954068
2013-12-16 19:10:00+01:00,2131.43701171875,3586.294677734375,2052.778827944953,2128.8385943546577,2200.8558531842173
2013-12-16 19:20:00+01:00,1931.2818603515625,3689.510498046875,1999.2492752810258,2062.9725250623474,2153.1474741836014
2013-12-16 19:30:00+01:00,1857.62060546875,3227.637451171875,1871.2733239079553,1970.2505876252915,1991.3463529876692
2013-12-16 19:40:00+01:00,1720.8193359375,3015.934814453125,1776.9366254339375,1872.092451718485,1882.7914282989714
2013-12-16 19:50:00+01:00,1719.8895263671875,2572.91015625,1649.9569470126742,1762.5068243947205,1752.5143844413906
2013-12-16 20:00:00+01:00,1494.580322265625,2516.9482421875,1570.475002566759,1672.7866872122754,1715.2832350879728
2013-12-16 20:10:00+01:00,1387.249755859375,2467.776123046875,1410.0381900220925,1559.5109017931998,1510.2722039895461
2013-12-16 20:20:00+01:00,1310.269287109375,2052.083251953125,1286.0349868460073,1441.6631442897906,1402.979506472928
2013-12-16 20:30:00+01:00,1161.1025390625,1838.9320068359375,1181.005573402999,1332.652264769725,1333.8921153461893
2013-12-16 20:40:00+01:00,1097.7890625,1492.35693359375,1067.0718747681835,1218.5576337516,1202.1384559453795
2013-12-16 20:50:00+01:00,1052.0191650390625,1468.8189697265625,998.2049542648097,1117.1631769975127,1135.7145748105972
2013-12-16 21:00:00+01:00,966.3624877929688,1252.7515869140625,954.6427405908207,1033.94124020605,1089.0435671814253
2013-12-16 21:10:00+01:00,789.5047607421875,1153.81982421875,911.9308454798997,957.5478857286729,989.0902843418995
2013-12-16 21:20:00+01:00,889.2621459960938,1117.1544189453125,829.9625877420709,862.3877115545598,848.5144503094261
2013-12-16 21:30:00+01:00,790.868896484375,1081.6536865234375,849.5877475838338,808.2349273602036,887.1721721361255
2013-12-16 21:40:00+01:00,795.4713745117188,1042.947998046875,797.7988983055944,756.3944068703322,793.2340710511315
2013-12-16 21:50:00+01:00,769.1046752929688,972.1848754882812,777.4083675142177,719.2105243810568,789.3731424984279
2013-12-16 22:00:00+01:00,695.0575561523438,988.688720703125,737.0275182724151,688.9838057370454,744.3808106641155
2013-12-16 22:10:00+01:00,614.0003662109375,962.3027954101562,672.5731867903196,652.8334882598701,682.3648012797835
2013-12-16 22:20:00+01:00,642.0886840820312,698.7659912109375,598.844022696067,607.1198450862911,613.996511221038
2013-12-16 22:30:00+01:00,682.7366943359375,682.762451171875,568.7930350591647,575.8951104597578,606.1361583614288
2013-12-16 22:40:00+01:00,582.5712890625,580.8407592773438,558.315990371461,562.5223291312376,599.1091171309432
2013-12-16 22:50:00+01:00,860.3829956054688,517.4075927734375,514.675856987953,537.90317403397,538.0703422564432
2013-12-16 23:00:00+01:00,633.471435546875,528.2638549804688,601.1118029407285,563.5849748372638,641.7934628825118
2013-12-16 23:10:00+01:00,543.3787841796875,532.6689453125,553.6645875307656,558.8784869512768,550.8615091615995
2013-12-16 23:20:00+01:00,597.4091796875,452.69097900390625,526.9887997855232,530.9369729430024,506.8680663653271
2013-12-16 23:30:00+01:00,610.5447387695312,438.2314453125,539.620234034762,514.1653123159017,519.7280235799881
2013-12-16 23:40:00+01:00,333.7360534667969,394.4473571777344,543.5124863552174,505.4281032691469,503.9055868812343
2013-12-16 23:50:00+01:00,394.0917053222656,346.18084716796875,418.2949112453339,438.87404378212113,354.64894159026335
2013-12-17 00:00:00+01:00,417.16583251953125,346.46026611328125,410.69685853255424,396.69662235304276,388.175686753966
2013-12-17 00:10:00+01:00,311.19091796875,335.4793701171875,392.3221356365764,374.27889357483446,361.2543089803594
2013-12-17 00:20:00+01:00,445.8624572753906,321.91082763671875,331.82981141315514,340.3269762667562,321.6595237931168
2013-12-17 00:30:00+01:00,342.1665954589844,286.60003662109375,361.0793319284558,339.9982588618286,372.98245005699386
2013-12-17 00:40:00+01:00,318.08642578125,299.6622009277344,316.62400168790896,327.40731963478976,309.45589454417166
2013-12-17 00:50:00+01:00,304.5793151855469,247.85450744628906,295.93953785028407,311.9008228835969,309.1012714015709
2013-12-17 01:00:00+01:00,302.7649841308594,235.4923553466797,277.41707527484493,296.9974348117982,294.025548611512
2013-12-17 01:10:00+01:00,232.73165893554688,268.6986389160156,267.4141359758734,285.6560101882551,274.3956702561277
2013-12-17 01:20:00+01:00,268.7748107910156,252.0726318359375,234.49174432339592,262.985004727207,236.39647211044138
2013-12-17 01:30:00+01:00,226.48287963867188,218.37957763671875,240.75309804598376,252.7825847745137,259.5894098341954
2013-12-17 01:40:00+01:00,187.17807006835938,231.682373046875,222.76626102577455,238.5037245110557,217.92100004397747
2013-12-17 01:50:00+01:00,223.17185974121094,209.62327575683594,202.91965548880825,219.21325575425044,210.63759868885498
2013-12-17 02:00:00+01:00,234.36074829101562,209.1171112060547,211.57594006286453,212.57129070085435,219.9231328132114
2013-12-17 02:10:00+01:00,216.705078125,235.20217895507812,215.3363832786774,211.74957926889633,221.06619466872434
2013-12-17 02:20:00+01:00,229.82293701171875,214.24267578125,210.39390310132777,209.06039932972033,216.2741194529081
2013-12-17 02:30:00+01:00,209.51702880859375,207.9650115966797,214.78792213382928,209.69179010318518,226.79959458593794
2013-12-17 02:40:00+01:00,183.13839721679688,218.9016876220703,206.11587495122717,206.66581612724627,207.5615162163969
2013-12-17 02:50:00+01:00,202.82635498046875,192.52117919921875,192.27516415342456,198.19152590222794,196.92964348567492
2013-12-17 03:00:00+01:00,204.51138305664062,199.50375366210938,195.93898671873708,195.419347081459,201.41764459875077
2013-12-17 03:10:00+01:00,173.6049041748047,205.0874786376953,196.58686407179277,194.54407643366784,193.8287270436859
2013-12-17 03:20:00+01:00,195.62657165527344,198.84103393554688,185.51235488379785,187.6934524313789,185.5624686203983
2013-12-17 03:30:00+01:00,199.5399932861328,199.2838592529297,193.90780278666293,186.81332846758215,197.59238283367304
2013-12-17 03:40:00+01:00,188.9645233154297,209.12245178222656,197.02490870020614,187.94393965672842,193.98996684592572
2013-12-17 03:50:00+01:00,206.67401123046875,184.2607879638672,194.62142287592465,187.16413165919602,197.3930692226271
2013-12-17 04:00:00+01:00,213.54119873046875,201.11851501464844,201.68762106050397,190.33045260139747,203.7865379769016
2013-12-17 04:10:00+01:00,164.38319396972656,209.1101531982422,205.38971460817098,195.05616764154198,203.42527089592443
2013-12-17 04:20:00+01:00,205.71875,183.4329833984375,184.74593880292358,187.8348405278824,182.4405559618307
2013-12-17 04:30:00+01:00,189.83380126953125,199.95718383789062,197.9301964871733,190.51534841197062,208.77900614365177
2013-12-17 04:40:00+01:00,165.30068969726562,200.83169555664062,192.30288124805142,190.683260992501,184.57973475331244
2013-12-17 04:50:00+01:00,211.25015258789062,179.14810180664062,182.63738745712917,184.9259106198661,182.76093769243008
2013-12-17 05:00:00+01:00,207.73287963867188,210.1460418701172,200.90157200896095,190.66255398843938,204.58443041033385
2013-12-17 05:10:00+01:00,186.83726501464844,205.14393615722656,204.25872957089535,196.57305314932736,202.39432180563094
2013-12-17 05:20:00+01:00,212.570068359375,189.92652893066406,199.4478905055951,196.91889844693878,205.9411464281455
2013-12-17 05:30:00+01:00,199.1199951171875,202.2359619140625,209.7805007032837,203.0076467443989,217.66367452825958
2013-12-17 05:40:00+01:00,189.6836395263672,209.5828094482422,204.88505259226747,205.92425305364182,201.2051924316412
2013-12-17 05:50:00+01:00,206.41656494140625,187.69508361816406,200.0861304156316,205.8551453604387,213.41195801816679
2013-12-17 06:00:00+01:00,199.144287109375,199.13739013671875,205.907837537354,210.13516253886206,215.80343021814198
2013-12-17 06:10:00+01:00,175.57235717773438,207.14259338378906,205.48959239615067,212.85707243084477,208.79162248375764
2013-12-17 06:20:00+01:00,211.89520263671875,193.5240478515625,198.4988695009165,208.8852125986524,209.97759401830032
2013-12-17 06:30:00+01:00,229.97296142578125,233.35507202148438,217.25011010569264,215.16760646788964,230.23696234550755
2013-12-17 06:40:00+01:00,222.11827087402344,318.2608947753906,234.09600614258426,226.89107863618955,234.49564326363077
2013-12-17 06:50:00+01:00,266.955322265625,289.0318908691406,243.01193416718615,236.12101121460864,256.066153105666
2013-12-17 07:00:00+01:00,266.65771484375,270.34906005859375,272.5514375024949,255.67708531938473,276.3751768124131
2013-12-17 07:10:00+01:00,264.9794006347656,247.37620544433594,284.7369870358883,274.6238870883203,278.3210595110519
2013-12-17 07:20:00+01:00,299.755615234375,269.40008544921875,293.40465843888404,290.6212756541283,312.65078549326273
2013-12-17 07:30:00+01:00,341.218994140625,277.7561950683594,315.51064486873526,313.76123103701354,330.84762650974625
2013-12-17 07:40:00+01:00,302.00634765625,299.50860595703125,345.2274862905287,346.4183716683257,356.6821361376702
2013-12-17 07:50:00+01:00,336.0675354003906,318.2389831542969,345.68068809208523,364.5068617100883,371.380478514216
2013-12-17 08:00:00+01:00,375.193115234375,395.32354736328125,375.7808028673237,387.43017674686666,411.12401128330094
2013-12-17 08:10:00+01:00,397.5810241699219,432.1943359375,413.64873193960005,418.7052294927282,425.6265416715263
2013-12-17 08:20:00+01:00,489.1837463378906,419.6882019042969,452.128497268368,452.5848964325778,491.7354516775462
2013-12-17 08:30:00+01:00,534.2421875,572.1271362304688,526.5025028798701,507.6298583214043,553.9385710696091
2013-12-17 08:40:00+01:00,660.0386962890625,695.2920532226562,588.7280086074082,570.9935765695922,609.1221151356797
2013-12-17 08:50:00+01:00,617.421142578125,704.8020629882812,689.2570094299067,660.5540437943298,742.5926303726005
2013-12-17 09:00:00+01:00,824.7164916992188,789.2131958007812,716.8472012615136,727.2441320083153,763.8691668035294
2013-12-17 09:10:00+01:00,862.9116821289062,869.7986450195312,843.6288797690465,832.5021507960937,905.3590955785556
2013-12-17 09:20:00+01:00,903.3844604492188,834.4705810546875,909.7989552281157,934.7087385188995,967.9760613128876
2013-12-17 09:30:00+01:00,993.2105712890625,946.5521240234375,978.331326780832,1022.1667297662797,1030.9196489830797
2013-12-17 09:40:00+01:00,1057.9622802734375,943.6082763671875,1064.2423832211714,1106.82157598674,1096.2490493616497
2013-12-17 09:50:00+01:00,1036.06884765625,961.7044677734375,1145.3595106048394,1183.726014066979,1198.3623254227323
2013-12-17 10:00:00+01:00,1217.5113525390625,1011.9495849609375,1188.7017279095755,1228.0280847962883,1199.6341878279968
2013-12-17 10:10:00+01:00,1188.2633056640625,947.5970458984375,1318.4363806716203,1299.7487158532451,1315.4010847233944
2013-12-17 10:20:00+01:00,1214.9234619140625,1048.656005859375,1364.9807888476073,1349.67303601449,1312.9200848913206
2013-12-17 10:30:00+01:00,1532.373779296875,1179.4793701171875,1424.754195037249,1386.7531989096217,1385.751822420408
2013-12-17 10:40:00+01:00,1466.2655029296875,1383.9190673828125,1612.5759668336214,1492.4134005828344,1605.6737728706075
2013-12-17 10:50:00+01:00,1664.7877197265625,1328.74169921875,1655.9143286987346,1576.6901030631473,1603.8894024279687
2013-12-17 11:00:00+01:00,1818.2193603515625,1379.059814453125,1802.9778027083314,1686.8249482622168,1803.7829723108491
2013-12-17 11:10:00+01:00,1694.5821533203125,1550.868896484375,1930.2935225485583,1817.108971045793,1847.3922190905719
2013-12-17 11:20:00+01:00,1874.442138671875,1559.009765625,1929.6438641009634,1891.3533193551891,1903.4086469242495
2013-12-17 11:30:00+01:00,2035.265380859375,1864.4412841796875,2028.2343767023035,1974.897326803876,1986.9886011116903
2013-12-17 11:40:00+01:00,2138.964599609375,1848.0159912109375,2117.779704983241,2077.0202180360975,2067.5524225866952
2013-12-17 11:50:00+01:00,2250.60009765625,1709.395751953125,2195.4182903479777,2183.880889641966,2148.6385049847636
2013-12-17 12:00:00+01:00,2388.472900390625,1961.15869140625,2278.835162799556,2293.2150184440297,2257.1613336896944
2013-12-17 12:10:00+01:00,2460.734130859375,2086.645751953125,2378.188571555629,2409.5659910146737,2342.352747617278
2013-12-17 12:20:00+01:00,2415.103759765625,1910.0787353515625,2461.8290781018404,2517.3864928244348,2482.9216620622483
2013-12-17 12:30:00+01:00,2763.068359375,2116.087646484375,2497.805125115639,2585.2625245577547,2508.864695822333
2013-12-17 12:40:00+01:00,2744.7373046875,2292.748291015625,2693.4038452902123,2701.3670148140936,2669.1183282268107
2013-12-17 12:50:00+01:00,2774.44287109375,2109.009521484375,2773.2623608774275,2801.356002298293,2740.503207923035
2013-12-17 13:00:00+01:00,3062.4580078125,2360.444580078125,2863.9907741656125,2879.576782822425,2804.2118192057446
2013-12-17 13:10:00+01:00,3291.7275390625,2505.14501953125,3046.183511274556,2994.824830197056,2949.43710990084
2013-12-17 13:20:00+01:00,3444.106201171875,2585.238037109375,3219.3241612509355,3144.7490082095073,3145.1646392966227
2013-12-17 13:30:00+01:00,3373.385498046875,2969.4912109375,3366.4952651887847,3307.8388448131186,3277.1626011810936
2013-12-17 13:40:00+01:00,3342.427001953125,3057.330078125,3398.7267834566046,3428.1486967650126,3299.2775598766725
2013-12-17 13:50:00+01:00,3505.4326171875,2938.055908203125,3394.749483562468,3500.07819726746,3339.0970803806013
2013-12-17 14:00:00+01:00,3803.937744140625,2866.06982421875,3437.628357017198,3570.8556544040603,3448.8977971506006
2013-12-17 14:10:00+01:00,3543.513427734375,2798.730224609375,3544.250850618617,3683.3891472904697,3598.825599135115
2013-12-17 14:20:00+01:00,3208.63916015625,2803.09423828125,3457.1279565913196,3730.3934887688383,3506.5861143157886
2013-12-17 14:30:00+01:00,3234.5732421875,2646.840087890625,3294.3443299821006,3665.6098090657565,3330.860631426405
2013-12-17 14:40:00+01:00,3110.67919921875,2462.657470703125,3239.1994684144183,3576.556035169822,3335.8252126218395
2013-12-17 14:50:00+01:00,3139.6962890625,2350.530029296875,3139.198752209226,3461.04464910809,3225.9673004855927
2013-12-17 15:00:00+01:00,2945.24658203125,2328.25537109375,3117.9156497069052,3362.333147924121,3179.2469968378696
2013-12-17 15:10:00+01:00,2766.085693359375,2480.486083984375,3020.2786758934963,3242.090462496223,3032.717326260693
2013-12-17 15:20:00+01:00,3100.931884765625,2310.557861328125,2913.487188341941,3096.6894588072746,2916.916629409871
2013-12-17 15:30:00+01:00,3517.677978515625,2615.643310546875,3015.034479624038,3047.096391205478,3075.0165732918176
2013-12-17 15:40:00+01:00,3524.89501953125,2538.410400390625,3199.192487640807,3122.5651966378177,3275.4480546568175
2013-12-17 15:50:00+01:00,3358.103271484375,2448.4736328125,3284.797022684308,3235.320218353895,3301.5509416707882
2013-12-17 16:00:00+01:00,3876.959716796875,2772.013671875,3284.321382070254,3312.3529892612482,3287.467395924107
2013-12-17 16:10:00+01:00,3759.0380859375,2690.51953125,3516.8339423155544,3462.0881861650046,3557.6097534303217
2013-12-17 16:20:00+01:00,3837.1494140625,2592.64794921875,3543.78399853781,3587.8068461715793,3549.453723040398
2013-12-17 16:30:00+01:00,3774.9140625,2785.39111328125,3630.829680746328,3693.937627174136,3624.731240997186
2013-12-17 16:40:00+01:00,3495.152587890625,2619.2587890625,3644.120141686515,3755.9682853910285,3537.3221128984774
2013-12-17 16:50:00+01:00,3764.598876953125,2633.58642578125,3538.962933405627,3724.927030324081,3415.220978100099
2013-12-17 17:00:00+01:00,3746.04638671875,2544.475830078125,3617.514819719032,3713.663302350515,3587.120851196908
2013-12-17 17:10:00+01:00,3641.8798828125,2674.036865234375,3603.5494829956933,3700.1894505314963,3570.3541449289855
2013-12-17 17:20:00+01:00,3795.98388671875,2557.114990234375,3556.747277693926,3662.9138266176315,3525.3571816563585
2013-12-17 17:30:00+01:00,3566.968994140625,2391.755126953125,3597.787092456336,3650.69064638895,3647.103126366326
2013-12-17 17:40:00+01:00,3228.27685546875,2553.3017578125,3497.964715588117,3600.4648382042046,3511.196974450621
2013-12-17 17:50:00+01:00,3273.097412109375,2696.691162109375,3320.6163062857413,3471.3637853253454,3324.139419055785
2013-12-17 18:00:00+01:00,3197.365234375,2386.359130859375,3265.350204443233,3344.4740231465003,3342.1074120579806
2013-12-17 18:10:00+01:00,3225.851318359375,2363.58154296875,3175.5078505994493,3221.4910484434886,3198.7408011446296
2013-12-17 18:20:00+01:00,2850.0390625,2429.09033203125,3139.542785566827,3125.9219310877684,3168.6291831142785
2013-12-17 18:30:00+01:00,3065.798095703125,2416.330810546875,2937.256145558051,2979.1340806522603,2930.4269286638464
2013-12-17 18:40:00+01:00,2853.28955078125,2332.4736328125,2945.620963298142,2886.4194825147524,2990.4237627535945
2013-12-17 18:50:00+01:00,2902.80078125,2197.790771484375,2802.7703296000923,2785.820716836009,2825.979578011663
2013-12-17 19:00:00+01:00,2814.686279296875,2127.232666015625,2760.0656112691695,2711.4713775097352,2790.7973383694484
2013-12-17 19:10:00+01:00,2951.323974609375,2131.43701171875,2671.316979311667,2642.726295006574,2686.953948588028
2013-12-17 19:20:00+01:00,2730.481689453125,1931.2818603515625,2675.7133275043916,2614.2420030898525,2748.144953060699
2013-12-17 19:30:00+01:00,2447.703369140625,1857.62060546875,2558.841154311996,2563.8762110295447,2591.711042697169
2013-12-17 19:40:00+01:00,2416.367431640625,1720.8193359375,2387.556872491433,2459.9968584352523,2411.589692513917
2013-12-17 19:50:00+01:00,2257.1748046875,1719.8895263671875,2278.797365758617,2351.722228503949,2298.7648108251246
2013-12-17 20:00:00+01:00,2049.7353515625,1494.580322265625,2118.150553512698,2229.7969454175036,2162.0972683479044
2013-12-17 20:10:00+01:00,1769.059326171875,1387.249755859375,1933.3374412767873,2085.455565400369,1977.4424980690555
2013-12-17 20:20:00+01:00,1671.0308837890625,1310.269287109375,1710.579926963794,1904.7022102534938,1788.453189716759
2013-12-17 20:30:00+01:00,1472.35498046875,1161.1025390625,1559.2590232110495,1733.3440857315418,1646.3288451116678
2013-12-17 20:40:00+01:00,1444.258544921875,1097.7890625,1394.0023742288922,1561.236684298822,1488.0963941052646
2013-12-17 20:50:00+01:00,1219.8505859375,1052.0191650390625,1317.5190968780378,1425.5802403494536,1431.833589519153
2013-12-17 21:00:00+01:00,1171.9622802734375,966.3624877929688,1193.64787755277,1285.4127087358931,1238.0971787491744
2013-12-17 21:10:00+01:00,1066.507080078125,789.5047607421875,1144.6508709678728,1170.488285034992,1178.7415520580837
2013-12-17 21:20:00+01:00,1065.67529296875,889.2621459960938,1082.1480626217608,1068.8589083328632,1088.768981287902
2013-12-17 21:30:00+01:00,1107.43994140625,790.868896484375,1063.6021613635178,996.30453770045,1053.5558968896248
2013-12-17 21:40:00+01:00,1170.195068359375,795.4713745117188,1064.5905074035481,956.6099037815203,1028.8979602131112
2013-12-17 21:50:00+01:00,881.8594360351562,769.1046752929688,1075.685468927025,946.2920081773602,1041.5657312718706
2013-12-17 22:00:00+01:00,747.4791259765625,695.0575561523438,936.17831573,891.116072167643,869.0007798345584
2013-12-17 22:10:00+01:00,636.77197265625,614.0003662109375,814.9979978821389,808.2609953557188,771.8537062268568
2013-12-17 22:20:00+01:00,549.4325561523438,642.0886840820312,690.684394927013,713.2993029089938,673.1270837882743
2013-12-17 22:30:00+01:00,636.7147827148438,682.7366943359375,584.8954392098128,620.8527622939533,588.0631690331934
2013-12-17 22:40:00+01:00,583.7481689453125,582.5712890625,567.3189756391977,572.6966146406654,598.4509150069504
2013-12-17 22:50:00+01:00,538.8654174804688,860.3829956054688,524.5556938534963,536.1294563234884,552.7700654687561
2013-12-17 23:00:00+01:00,543.9614868164062,633.471435546875,496.1325363533771,503.87453618857546,518.9024478743065
2013-12-17 23:10:00+01:00,439.5157775878906,543.3787841796875,490.1206710090131,482.01054746935273,513.9837650510494
2013-12-17 23:20:00+01:00,424.5902404785156,597.4091796875,445.3650610849722,447.0172436613656,444.5206499328553
2013-12-17 23:30:00+01:00,452.1990661621094,610.5447387695312,427.70972357321943,415.82097664454193,424.1507450831925
2013-12-17 23:40:00+01:00,361.02264404296875,333.7360534667969,427.1267030252422,398.35405948747507,404.9972919018136
2013-12-17 23:50:00+01:00,371.86602783203125,394.0917053222656,381.70288598897395,370.04376157064155,353.30035333568526
2013-12-18 00:00:00+01:00,434.73638916015625,417.16583251953125,369.8119582813842,350.0194795838563,361.69127243539174
2013-12-18 00:10:00+01:00,406.5353088378906,311.19091796875,379.4936843784393,347.7551424785092,371.52115594370133
2013-12-18 00:20:00+01:00,314.7143859863281,445.8624572753906,364.0608057010416,344.98031952215695,354.788768402881
2013-12-18 00:30:00+01:00,311.5243225097656,342.1665954589844,319.2391583634405,325.35271688027467,308.40650058345085
2013-12-18 00:40:00+01:00,268.6449890136719,318.08642578125,299.37493729868726,307.3461582656997,296.3109509036606
2013-12-18 00:50:00+01:00,269.0886535644531,304.5793151855469,265.2351159595595,285.01333956960883,263.7123079272766
2013-12-18 01:00:00+01:00,303.09613037109375,302.7649841308594,250.42232746577758,268.4335251828144,263.1252309275527
2013-12-18 01:10:00+01:00,274.729736328125,232.73165893554688,253.73113083999212,263.8517673031199,269.8949498798285
2013-12-18 01:20:00+01:00,234.28204345703125,268.7748107910156,243.3788317382909,257.48623960742486,252.83034439800323
2013-12-18 01:30:00+01:00,258.4670715332031,226.48287963867188,227.85509346923197,244.68409146852844,237.66870028334446
2013-12-18 01:40:00+01:00,235.9508056640625,187.17807006835938,234.89643218055105,239.3252220226342,246.59330243160173
2013-12-18 01:50:00+01:00,214.01556396484375,223.17185974121094,227.7722196849383,231.9903750302574,226.92435185258788
2013-12-18 02:00:00+01:00,244.06613159179688,234.36074829101562,219.00111638837788,221.93644760556907,219.6567887427979
2013-12-18 02:10:00+01:00,221.3958282470703,216.705078125,228.71557435803084,220.30596728823906,225.7614714705071
2013-12-18 02:20:00+01:00,390.5313415527344,229.82293701171875,219.90480005127586,216.0060035520435,210.4406696338502
2013-12-18 02:30:00+01:00,385.11370849609375,209.51702880859375,279.7568163898637,240.82748248599427,297.69192493194413
2013-12-18 02:40:00+01:00,443.7337341308594,183.13839721679688,298.5832316385535,267.59978555164855,281.1657492050131
2013-12-18 02:50:00+01:00,424.5218200683594,202.82635498046875,341.44210862007134,301.9656321440197,337.99961092637574
2013-12-18 03:00:00+01:00,514.8599243164062,204.51138305664062,359.7353496850676,330.0936821843723,334.41258811581304
2013-12-18 03:10:00+01:00,243.27391052246094,173.6049041748047,413.4745723336238,368.76013762485945,399.29707256319836
2013-12-18 03:20:00+01:00,216.104736328125,195.62657165527344,318.76631884358125,335.66003432586695,252.12660244968245
2013-12-18 03:30:00+01:00,226.12570190429688,199.5399932861328,287.6396685518815,289.6360995447341,241.69799325124612
2013-12-18 03:40:00+01:00,232.07373046875,188.9645233154297,269.96231671986254,257.790393489344,224.85609644251852
2013-12-18 03:50:00+01:00,208.0513153076172,206.67401123046875,258.4848029478018,239.54368564085604,244.18731639319137
2013-12-18 04:00:00+01:00,225.40232849121094,213.54119873046875,238.05016195760314,224.12127122137989,227.89139126376966
2013-12-18 04:10:00+01:00,227.49485778808594,164.38319396972656,236.43546517362955,218.53352674243627,243.10133847797664
2013-12-18 04:20:00+01:00,215.54005432128906,205.71875,231.97478962539822,217.24932804856664,237.8855930618318
2013-12-18 04:30:00+01:00,227.6981964111328,189.83380126953125,224.55481907207985,215.0642769059015,246.93031028367255
2013-12-18 04:40:00+01:00,220.47952270507812,165.30068969726562,228.07001039729195,216.49130680618174,231.15357805879728
2013-12-18 04:50:00+01:00,219.9332275390625,211.25015258789062,226.26946678658385,216.8994408375343,224.77485994535743
2013-12-18 05:00:00+01:00,234.73873901367188,207.73287963867188,227.63623612018807,217.26105804060495,228.0906085657006
2013-12-18 05:10:00+01:00,256.2188415527344,186.83726501464844,235.38357134228823,221.20710034989995,232.23920275524097
2013-12-18 05:20:00+01:00,246.5761260986328,212.570068359375,247.26346793279228,230.0662469188432,244.44128875102896
2013-12-18 05:30:00+01:00,248.08905029296875,199.1199951171875,247.56058476619836,236.39091647599753,245.0750776956273
2013-12-18 05:40:00+01:00,257.0533142089844,189.6836395263672,249.47644349719536,241.88334994745892,249.60334896833916
2013-12-18 05:50:00+01:00,243.3793182373047,206.41656494140625,253.4345347395708,248.70553645526448,255.94131600383622
2013-12-18 06:00:00+01:00,263.1778869628906,199.144287109375,249.54844275292172,251.45909061537787,256.33953767530255
2013-12-18 06:10:00+01:00,227.68663024902344,175.57235717773438,260.35579324467574,258.47856437639746,269.29938340364896
2013-12-18 06:20:00+01:00,237.63648986816406,211.89520263671875,251.01472462706357,256.0216314068499,245.60263971624863
2013-12-18 06:30:00+01:00,320.8879089355469,229.97296142578125,259.37786290913806,255.9230675925537,262.3032600150788
2013-12-18 06:40:00+01:00,246.098388671875,222.11827087402344,302.0881767040194,277.1220391092568,305.52543915865925
2013-12-18 06:50:00+01:00,260.01495361328125,266.955322265625,287.1407961634677,280.4338550515267,266.9143613356633
2013-12-18 07:00:00+01:00,350.6496276855469,266.65771484375,299.6057726784253,284.89163786688636,293.30948839982034
2013-12-18 07:10:00+01:00,396.9144592285156,264.9794006347656,343.1582191559665,312.35076831918843,335.1501587399628
2013-12-18 07:20:00+01:00,404.7466735839844,299.755615234375,379.08010150443084,352.465385948052,397.75644897826015
2013-12-18 07:30:00+01:00,444.64056396484375,341.218994140625,405.7990186648321,393.3816158615277,441.5032115359985
2013-12-18 07:40:00+01:00,383.8240966796875,302.00634765625,444.7579238883637,440.055691133032,480.9259862239017
2013-12-18 07:50:00+01:00,396.3335876464844,336.0675354003906,440.894316059548,462.16163474659885,454.52390428596306
2013-12-18 08:00:00+01:00,413.6523742675781,375.193115234375,461.4990481217997,477.33837322844784,493.56115667419533
2013-12-18 08:10:00+01:00,642.78076171875,397.5810241699219,485.53142178070453,491.52002436525385,477.55576914219887
2013-12-18 08:20:00+01:00,541.2098999023438,489.1837463378906,613.3960873373684,563.3696746724046,645.37905903509
2013-12-18 08:30:00+01:00,618.9034423828125,534.2421875,627.900373644068,610.5826288711826,622.2487904979107
2013-12-18 08:40:00+01:00,646.4804077148438,660.0386962890625,706.7436063782919,665.573800174604,731.9691084271949
2013-12-18 08:50:00+01:00,736.5292358398438,617.421142578125,753.321085545894,717.8461864391373,773.3128044446009
2013-12-18 09:00:00+01:00,844.309326171875,824.7164916992188,824.4865087900043,782.0823314691465,863.6151002215514
2013-12-18 09:10:00+01:00,899.5496215820312,862.9116821289062,905.3654398628057,863.7808282115126,946.3941833404646
2013-12-18 09:20:00+01:00,958.5369262695312,903.3844604492188,969.7515715599467,946.7098818007355,987.259254098806
2013-12-18 09:30:00+01:00,1156.950927734375,993.2105712890625,1036.2100896764352,1026.4959471014283,1078.0712962073626
2013-12-18 09:40:00+01:00,1070.988525390625,1057.9622802734375,1167.7823599082205,1138.3359469013144,1213.9966205661144
2013-12-18 09:50:00+01:00,1130.0843505859375,1036.06884765625,1194.4560208940547,1209.0341206280395,1185.3708289782774
2013-12-18 10:00:00+01:00,1296.177978515625,1217.5113525390625,1269.1438439112874,1265.250776702505,1260.984283450513
2013-12-18 10:10:00+01:00,1440.552978515625,1188.2633056640625,1390.5314322966394,1345.0995632445843,1367.5530219592467
2013-12-18 10:20:00+01:00,1529.780029296875,1214.9234619140625,1522.718281433369,1447.8461340910358,1500.286607676847
2013-12-18 10:30:00+01:00,1691.0552978515625,1532.373779296875,1644.6589917481658,1556.4664688220478,1585.8714596869136
2013-12-18 10:40:00+01:00,1911.0960693359375,1466.2655029296875,1797.5368150611991,1682.6780078764382,1734.3514137657587
2013-12-18 10:50:00+01:00,1785.5616455078125,1664.7877197265625,1980.8669936073447,1838.9050554296607,1923.7661735198326
2013-12-18 11:00:00+01:00,2071.849853515625,1818.2193603515625,2013.019941246477,1938.5732327273856,1940.0409493764007
2013-12-18 11:10:00+01:00,2104.384033203125,1694.5821533203125,2191.15609002914,2066.32214473772,2078.5774210806726
2013-12-18 11:20:00+01:00,2088.5830078125,1874.442138671875,2259.9645512920197,2178.418692427382,2147.4095479917705
2013-12-18 11:30:00+01:00,2219.114013671875,2035.265380859375,2290.6591620436056,2253.128450561725,2216.939893712254
2013-12-18 11:40:00+01:00,2249.711669921875,2138.964599609375,2358.316049559314,2327.271065010196,2295.699398767284
2013-12-18 11:50:00+01:00,2448.150146484375,2250.60009765625,2379.6752170175987,2387.3840123228388,2372.137144598175
2013-12-18 12:00:00+01:00,2599.890869140625,2388.472900390625,2473.4154986558224,2473.0286826956676,2501.0460415483535
2013-12-18 12:10:00+01:00,2445.931884765625,2460.734130859375,2568.326699678428,2580.4589230501006,2621.0408571372764
2013-12-18 12:20:00+01:00,2537.695068359375,2415.103759765625,2550.199280326236,2634.8648538053603,2567.664932698667
2013-12-18 12:30:00+01:00,2588.7939453125,2763.068359375,2613.709329676245,2679.8844190495915,2663.6457289889727
2013-12-18 12:40:00+01:00,2524.918212890625,2744.7373046875,2665.7051515718745,2719.7780367609057,2687.5143018307826
2013-12-18 12:50:00+01:00,2801.240478515625,2774.44287109375,2675.0660420449976,2730.2446162956057,2671.5477363633154
2013-12-18 13:00:00+01:00,2847.33154296875,3062.4580078125,2822.9035842633457,2788.855426295761,2811.175075215725
2013-12-18 13:10:00+01:00,3144.238037109375,3291.7275390625,2896.939962632529,2859.015461986523,2925.481712092602
2013-12-18 13:20:00+01:00,3527.224365234375,3444.106201171875,3075.5064014155732,2981.6369565268756,3116.6416770797096
2013-12-18 13:30:00+01:00,3725.4208984375,3373.385498046875,3301.6305561281365,3175.813134978661,3389.2813772619797
2013-12-18 13:40:00+01:00,3822.518310546875,3342.427001953125,3476.6863299441725,3400.1551817476447,3533.299643919073
2013-12-18 13:50:00+01:00,3866.7158203125,3505.4326171875,3599.423715218235,3615.0848255725264,3669.53664120404
2013-12-18 14:00:00+01:00,3877.3701171875,3803.937744140625,3668.0849892686088,3794.466376148141,3674.4172150954205
2013-12-18 14:10:00+01:00,3581.297119140625,3543.513427734375,3692.836551062964,3924.8616204281057,3703.298411255906
2013-12-18 14:20:00+01:00,3756.33642578125,3208.63916015625,3566.8300065506287,3941.3659580454187,3591.9505030209834
2013-12-18 14:30:00+01:00,3436.163818359375,3234.5732421875,3594.7520571240298,3944.3108490819172,3694.485654041351
2013-12-18 14:40:00+01:00,3591.04150390625,3110.67919921875,3441.101564296238,3860.723294244232,3469.119400654853
2013-12-18 14:50:00+01:00,3316.72216796875,3139.6962890625,3469.8724962238775,3792.0410206772553,3600.839234157936
2013-12-18 15:00:00+01:00,3167.509033203125,2945.24658203125,3347.5756002692365,3674.489727944209,3386.4631594435905
2013-12-18 15:10:00+01:00,3138.918701171875,2766.085693359375,3260.044996682735,3526.573210331887,3264.616137461315
2013-12-18 15:20:00+01:00,3047.27294921875,3100.931884765625,3210.52032530044,3389.3293515117703,3198.9097261822935
2013-12-18 15:30:00+01:00,3150.5263671875,3517.677978515625,3140.602513005118,3260.7678824943423,3135.7111876534304
2013-12-18 15:40:00+01:00,2938.9462890625,3524.89501953125,3154.4182570385265,3183.2824117267746,3123.8489535185654
2013-12-18 15:50:00+01:00,3039.379150390625,3358.103271484375,3047.242102450187,3092.907748275602,3015.226744960358
2013-12-18 16:00:00+01:00,3118.208251953125,3876.959716796875,3053.515954347967,3038.5148878552673,3064.871058676207
2013-12-18 16:10:00+01:00,3213.4921875,3759.0380859375,3063.7344608443236,3022.8244659896027,3119.06517772417
2013-12-18 16:20:00+01:00,3012.903564453125,3837.1494140625,3102.2438144357548,3042.4835331942068,3082.4120532050815
2013-12-18 16:30:00+01:00,2953.88720703125,3774.9140625,3029.3285742977205,3029.5851726167566,3024.5233130007637
2013-12-18 16:40:00+01:00,2920.78466796875,3495.152587890625,2986.1601650003417,2992.93897182918,2994.354884482287
2013-12-18 16:50:00+01:00,2932.362060546875,3764.598876953125,2940.567955018288,2943.7401388760923,2935.8879474836936
2013-12-18 17:00:00+01:00,3075.209716796875,3746.04638671875,2914.1089567300055,2897.61703588902,2956.051841427287
2013-12-18 17:10:00+01:00,3023.214599609375,3641.8798828125,2949.389909411512,2886.4874493632533,2974.6131424472123
2013-12-18 17:20:00+01:00,2955.8095703125,3795.98388671875,2925.2936670007607,2877.5253351712113,2976.2302160756176
2013-12-18 17:30:00+01:00,2909.4140625,3566.968994140625,2889.0223989359383,2856.302895907857,2951.9045984426293
2013-12-18 17:40:00+01:00,2701.296875,3228.27685546875,2849.4592222554656,2823.2956546856726,2890.9677502829295
2013-12-18 17:50:00+01:00,2824.24462890625,3273.097412109375,2735.7691234449517,2746.737002445173,2786.3451716889185
2013-12-18 18:00:00+01:00,2610.159423828125,3197.365234375,2743.6512661052698,2692.0185567261206,2814.321665719396
2013-12-18 18:10:00+01:00,2438.946533203125,3225.851318359375,2629.6317423685723,2608.9379840267356,2640.68339228951
2013-12-18 18:20:00+01:00,2638.44189453125,2850.0390625,2512.7915184797835,2495.2629953393093,2515.6135294389824
2013-12-18 18:30:00+01:00,2572.8603515625,3065.798095703125,2534.2485166271417,2432.563820848696,2578.7995067649977
2013-12-18 18:40:00+01:00,2564.826904296875,2853.28955078125,2476.69261605425,2385.1182755331774,2497.0508519960013
2013-12-18 18:50:00+01:00,2356.01953125,2902.80078125,2444.3567344233384,2351.307715462119,2470.0555854711247
2013-12-18 19:00:00+01:00,2361.87744140625,2814.686279296875,2323.8628850095433,2288.080829334133,2346.361768294845
2013-12-18 19:10:00+01:00,2249.489990234375,2951.323974609375,2269.7841541125613,2228.398432064246,2292.795052471196
2013-12-18 19:20:00+01:00,2056.95068359375,2730.481689453125,2171.8645898206178,2158.074052355257,2203.362736550118
2013-12-18 19:30:00+01:00,2078.265869140625,2447.703369140625,2035.7647557253936,2058.3255724143173,2052.135430597816
2013-12-18 19:40:00+01:00,2282.870361328125,2416.367431640625,1970.6489109289348,1973.5784150708341,1985.9193744651589
2013-12-18 19:50:00+01:00,2069.83203125,2257.1748046875,1985.0621916416833,1948.7118251557624,2056.981773470542
2013-12-18 20:00:00+01:00,1856.33984375,2049.7353515625,1868.9164960266237,1909.6493220618304,1918.8388012825649
2013-12-18 20:10:00+01:00,1593.684814453125,1769.059326171875,1726.3808325600135,1832.881975181323,1790.5681765674951
2013-12-18 20:20:00+01:00,1380.718505859375,1671.0308837890625,1536.2929398035021,1703.29699570655,1584.0830933272373
2013-12-18 20:30:00+01:00,1368.4241943359375,1472.35498046875,1353.304729487561,1537.272678139961,1419.2371228996878
2013-12-18 20:40:00+01:00,1136.792236328125,1444.258544921875,1260.765899734345,1397.060649344283,1350.1644017021108
2013-12-18 20:50:00+01:00,1057.044921875,1219.8505859375,1114.6855766721058,1245.287450628341,1162.260744817548
2013-12-18 21:00:00+01:00,952.50830078125,1171.9622802734375,1037.8574491410502,1112.4979070833137,1075.927191352417
2013-12-18 21:10:00+01:00,885.5504150390625,1066.507080078125,964.3291137398246,995.9697241084552,964.6345769732745
2013-12-18 21:20:00+01:00,945.303955078125,1065.67529296875,913.6445271195523,899.872118477271,892.5659916177268
2013-12-18 21:30:00+01:00,955.264404296875,1107.43994140625,920.2294993978841,845.645617444296,892.5863261288384
2013-12-18 21:40:00+01:00,908.5028686523438,1170.195068359375,916.852838077779,816.7983465687673,868.0649022283208
2013-12-18 21:50:00+01:00,948.1962280273438,881.8594360351562,887.837518809381,793.1517366394739,832.2775840788648
2013-12-18 22:00:00+01:00,824.9544067382812,747.4791259765625,878.9738787864512,783.6511353467837,837.402025144744
2013-12-18 22:10:00+01:00,795.2902221679688,636.77197265625,800.6921301947667,756.2199592424772,747.1091389786371
2013-12-18 22:20:00+01:00,611.8898315429688,549.4325561523438,746.5674930498251,724.3033868417276,733.5503203140379
2013-12-18 22:30:00+01:00,578.93310546875,636.7147827148438,629.5057814284992,658.8097058306856,604.2435498060808
2013-12-18 22:40:00+01:00,579.7583618164062,583.7481689453125,568.9500825144169,595.4513637225884,562.4634850381976
2013-12-18 22:50:00+01:00,505.0706787109375,538.8654174804688,534.230710724271,548.809520065372,536.1606635732522
2013-12-18 23:00:00+01:00,457.7309875488281,543.9614868164062,486.7729635755392,502.8236498029464,484.54483405858696
2013-12-18 23:10:00+01:00,554.7293701171875,439.5157775878906,452.95797021809494,460.19830470488216,445.5987153418594
2013-12-18 23:20:00+01:00,463.8495178222656,424.5902404785156,479.0046328686234,447.9205754763693,471.86281145022764
2013-12-18 23:30:00+01:00,405.31707763671875,452.1990661621094,448.17023001805086,428.4725148694941,423.3678169106839
2013-12-18 23:40:00+01:00,362.2333068847656,361.02264404296875,419.23959448381913,401.68702776940296,403.2266121617559
2013-12-18 23:50:00+01:00,315.83978271484375,371.86602783203125,385.11383186317636,371.45615697587186,363.39982748480077
2013-12-19 00:00:00+01:00,274.1596984863281,434.73638916015625,344.26305567457854,338.74518496175125,324.6378176394135
2013-12-19 00:10:00+01:00,267.61260986328125,406.5353088378906,302.42795022520954,305.8188796863199,284.9830065661959
2013-12-19 00:20:00+01:00,269.434814453125,314.7143859863281,276.21765548928556,281.20527650046245,266.973494456979
2013-12-19 00:30:00+01:00,251.599365234375,311.5243225097656,258.1426092797323,265.3811094474774,261.644216279302
2013-12-19 00:40:00+01:00,241.1107635498047,268.6449890136719,237.5989131198923,252.044646503856,252.76031383644218
2013-12-19 00:50:00+01:00,217.61387634277344,269.0886535644531,222.29420510059688,240.97595559546357,240.806885791437
2013-12-19 01:00:00+01:00,203.93836975097656,303.09613037109375,204.10474029459925,228.60587392619698,222.05092385635538
2013-12-19 01:10:00+01:00,204.19021606445312,274.729736328125,190.89513683079701,216.70574909751727,210.8061787045721
2013-12-19 01:20:00+01:00,169.83192443847656,234.28204345703125,185.33786944926032,208.24171883851287,203.18126131985522
2013-12-19 01:30:00+01:00,162.96949768066406,258.4670715332031,169.12332126544484,195.2696363736802,177.59606643947546
2013-12-19 01:40:00+01:00,188.53651428222656,235.9508056640625,162.5339002118228,184.08128262556895,174.02138047911043
2013-12-19 01:50:00+01:00,145.82473754882812,214.01556396484375,170.15657797053464,181.51998068297922,182.82643178276308
2013-12-19 02:00:00+01:00,147.122802734375,244.06613159179688,154.12219386196867,171.821104862237,154.83257015589092
2013-12-19 02:10:00+01:00,160.853271484375,221.3958282470703,151.6030594899623,164.5667219506893,160.82649426725933
2013-12-19 02:20:00+01:00,167.06288146972656,390.5313415527344,153.630562972781,162.46955720597245,159.1663384817635
2013-12-19 02:30:00+01:00,144.11837768554688,385.11370849609375,155.14916560005514,162.87842995492127,165.45156232764506
2013-12-19 02:40:00+01:00,168.7206573486328,443.7337341308594,145.7883470170362,158.80551286022705,152.57637132320258
2013-12-19 02:50:00+01:00,163.07359313964844,424.5218200683594,153.53741798274294,160.4842284801768,163.83826454990108
2013-12-19 03:00:00+01:00,140.69020080566406,514.8599243164062,152.70395571379993,161.32218137119324,155.76364387114756
2013-12-19 03:10:00+01:00,169.99310302734375,243.27391052246094,145.39237803163127,157.02932279947234,152.7489008729423
2013-12-19 03:20:00+01:00,146.30841064453125,216.104736328125,157.2237441993957,159.55517405403174,160.91060436915478
2013-12-19 03:30:00+01:00,139.7334442138672,226.12570190429688,150.73079285862372,157.26597601592547,146.06120203527462
2013-12-19 03:40:00+01:00,157.53610229492188,232.07373046875,148.35642783804929,153.64284197721125,150.7525878284877
2013-12-19 03:50:00+01:00,149.20889282226562,208.0513153076172,154.39798650007177,154.8401397576809,155.6135345305051
2013-12-19 04:00:00+01:00,137.0398712158203,225.40232849121094,151.1519667436554,154.66388682163503,149.74294296942352
2013-12-19 04:10:00+01:00,161.4236297607422,227.49485778808594,144.7881197012832,151.7792429282901,150.95684855241777
2013-12-19 04:20:00+01:00,149.15988159179688,215.54005432128906,152.32667604511414,154.96510189696195,161.6915006495061
2013-12-19 04:30:00+01:00,137.69418334960938,227.6981964111328,148.23466432864313,155.64797383955815,151.3076200437756
2013-12-19 04:40:00+01:00,167.3306121826172,220.47952270507812,143.88981483602154,153.40887517716627,155.90435393682026
2013-12-19 04:50:00+01:00,163.06259155273438,219.9332275390625,155.88765794996615,158.37505216257617,165.53841622326595
2013-12-19 05:00:00+01:00,148.1273651123047,234.73873901367188,158.2934537111577,162.50183346601074,162.96378503379188
2013-12-19 05:10:00+01:00,192.2841339111328,256.2188415527344,155.5287924376181,162.39368527458137,164.3688703741934
2013-12-19 05:20:00+01:00,164.71340942382812,246.5761260986328,174.22449681018713,172.20674642847408,186.85657116690254
2013-12-19 05:30:00+01:00,144.27452087402344,248.08905029296875,167.43680436807094,175.42544277529623,168.075655503783
2013-12-19 05:40:00+01:00,199.8321990966797,257.0533142089844,158.35799134853264,172.10619247352946,171.02437650115945
2013-12-19 05:50:00+01:00,156.33419799804688,243.3793182373047,177.8353478796602,182.6956169000931,194.7427117342256
2013-12-19 06:00:00+01:00,143.32223510742188,263.1778869628906,164.033247977872,182.62879524465075,168.2923838116047
2013-12-19 06:10:00+01:00,201.51145935058594,227.68663024902344,158.74019955724583,178.03709786921058,177.43954527141827
2013-12-19 06:20:00+01:00,182.49237060546875,237.63648986816406,183.02020410609182,189.26965378092748,198.9582868575229
2013-12-19 06:30:00+01:00,133.89031982421875,320.8879089355469,185.2254511912936,196.3302148964017,191.0843587567733
2013-12-19 06:40:00+01:00,189.73953247070312,246.098388671875,169.75633887656755,187.45914342170855,179.6577339253121
2013-12-19 06:50:00+01:00,187.9349365234375,260.01495361328125,195.50867235696336,195.28456491854692,204.11838355848332
2013-12-19 07:00:00+01:00,209.46092224121094,350.6496276855469,200.62220748602755,203.6426729694045,198.91514172890282
2013-12-19 07:10:00+01:00,197.42626953125,396.9144592285156,217.0458435699238,216.7565557673491,250.36094548602324
2013-12-19 07:20:00+01:00,212.6368865966797,404.7466735839844,218.18046197134416,225.6128677249354,215.56035019677154
2013-12-19 07:30:00+01:00,216.06082153320312,444.64056396484375,228.7440556680492,237.15710697167128,250.08800192159427
2013-12-19 07:40:00+01:00,261.43170166015625,383.8240966796875,235.18729841624395,248.47023204633757,268.7499364987304
2013-12-19 07:50:00+01:00,296.27099609375,396.3335876464844,263.0311414353841,270.98634627831814,312.6696914748407
2013-12-19 08:00:00+01:00,342.7618408203125,413.6523742675781,295.0952071760263,301.9645191511858,319.18719809558075
2013-12-19 08:10:00+01:00,346.69256591796875,642.78076171875,340.92987129309176,343.55588477381394,402.3725441397389
2013-12-19 08:20:00+01:00,422.22979736328125,541.2098999023438,375.24489959191914,383.46719038796823,417.9317593984063
2013-12-19 08:30:00+01:00,488.46075439453125,618.9034423828125,440.56445418159086,439.55938115877115,503.06030957584835
2013-12-19 08:40:00+01:00,604.733154296875,646.4804077148438,507.64054892983677,510.0964058103851,564.559122825745
2013-12-19 08:50:00+01:00,607.3706665039062,736.5292358398438,601.568121144793,606.3946525178319,688.4020395927498
2013-12-19 09:00:00+01:00,717.0960693359375,844.309326171875,652.2996733063941,694.5413504726629,720.859771865921
2013-12-19 09:10:00+01:00,744.41259765625,899.5496215820312,739.9426049793436,795.8369832416142,860.1522748500863
2013-12-19 09:20:00+01:00,885.8692016601562,958.5369262695312,792.5030270423757,884.2275168955459,926.9860463043854
2013-12-19 09:30:00+01:00,956.9749755859375,1156.950927734375,893.5945942967818,987.1225554028449,1060.0146511660569
2013-12-19 09:40:00+01:00,974.4222412109375,1070.988525390625,977.1773846405855,1085.1267536551024,1138.7698724631252
2013-12-19 09:50:00+01:00,1099.8968505859375,1130.0843505859375,1043.472237492687,1157.3936627155017,1176.9597480408206
2013-12-19 10:00:00+01:00,1223.0264892578125,1296.177978515625,1153.4768988210278,1235.7523647820997,1284.2143011239864
2013-12-19 10:10:00+01:00,1343.7740478515625,1440.552978515625,1273.2709961384617,1325.3193241365207,1392.1587150376738
2013-12-19 10:20:00+01:00,1372.371337890625,1529.780029296875,1404.7643460200097,1425.6108604257813,1511.408922388375
2013-12-19 10:30:00+01:00,1541.025390625,1691.0552978515625,1499.1817534344912,1510.5730138413592,1553.918622751391
2013-12-19 10:40:00+01:00,1538.6103515625,1911.0960693359375,1645.391348958906,1613.8779768481536,1717.1222594456476
2013-12-19 10:50:00+01:00,1767.814453125,1785.5616455078125,1715.1004931802245,1694.9089240472686,1749.1489000043807
2013-12-19 11:00:00+01:00,1720.5001220703125,2071.849853515625,1874.8086083412513,1807.4665945573279,1955.0204482234426
2013-12-19 11:10:00+01:00,1655.2977294921875,2104.384033203125,1913.968724633051,1888.5321901760663,1920.809908188617
2013-12-19 11:20:00+01:00,1764.896240234375,2088.5830078125,1912.9883792641194,1920.6872757258516,1920.7991873413375
2013-12-19 11:30:00+01:00,1819.634033203125,2219.114013671875,1959.5416921521428,1955.9994213398525,1972.0426541861702
2013-12-19 11:40:00+01:00,2052.695556640625,2249.711669921875,1980.2227441381035,1992.7186364435436,2033.0374350166585
2013-12-19 11:50:00+01:00,2101.996826171875,2448.150146484375,2085.204261717211,2075.8056433992488,2145.3605111692773
2013-12-19 12:00:00+01:00,2135.13525390625,2599.890869140625,2135.096051076787,2164.9554800601645,2165.3389234871006
2013-12-19 12:10:00+01:00,2269.46142578125,2445.931884765625,2182.34303665285,2243.9217481668547,2257.9212892325872
2013-12-19 12:20:00+01:00,2298.472900390625,2537.695068359375,2271.1555846150964,2332.894825057351,2360.546232256986
2013-12-19 12:30:00+01:00,2442.7431640625,2588.7939453125,2330.467387243938,2409.704405002192,2407.053454058793
2013-12-19 12:40:00+01:00,2534.780517578125,2524.918212890625,2444.3600930044654,2496.888560195316,2509.193920106246
2013-12-19 12:50:00+01:00,2562.87890625,2801.240478515625,2550.250847275493,2586.8484572824013,2575.9641868186004
2013-12-19 13:00:00+01:00,2649.3837890625,2847.33154296875,2632.4942163994288,2662.2515208686077,2627.2565408339797
2013-12-19 13:10:00+01:00,3079.733642578125,3144.238037109375,2725.8134520025087,2733.7843389418,2731.5368515545
2013-12-19 13:20:00+01:00,2879.3525390625,3527.224365234375,2957.8620298814676,2879.1366719786993,2989.070326031969
2013-12-19 13:30:00+01:00,3051.982666015625,3725.4208984375,2954.21356892863,2975.633582511752,2922.5290887936644
2013-12-19 13:40:00+01:00,3203.68798828125,3822.518310546875,3056.187567583041,3072.8727822782193,3089.29505428203
2013-12-19 13:50:00+01:00,3184.92041015625,3866.7158203125,3131.2720167697253,3180.09781840132,3139.863577845206
2013-12-19 14:00:00+01:00,3255.820068359375,3877.3701171875,3136.2161122428224,3261.7488320137472,3215.623255607363
2013-12-19 14:10:00+01:00,3134.402099609375,3581.297119140625,3159.7935948952036,3330.347491456008,3260.0210495282354
2013-12-19 14:20:00+01:00,3258.15185546875,3756.33642578125,3099.1627209628,3349.4064641830387,3165.2416807680893
2013-12-19 14:30:00+01:00,3144.569091796875,3436.163818359375,3127.38571048022,3370.5602359876157,3239.499533551104
2013-12-19 14:40:00+01:00,3201.75244140625,3591.04150390625,3077.7001369443324,3357.882527881483,3215.5773017014985
2013-12-19 14:50:00+01:00,2828.01220703125,3316.72216796875,3099.5378663323722,3345.175090783674,3209.8076495607725
2013-12-19 15:00:00+01:00,3105.19873046875,3167.509033203125,2947.6973174159293,3244.258217207674,3001.64631301384
2013-12-19 15:10:00+01:00,2825.02685546875,3138.918701171875,3039.241937418565,3195.54640197525,3128.516151524225
2013-12-19 15:20:00+01:00,2680.8603515625,3047.27294921875,2928.352950249665,3106.6506125209935,2951.9773210388075
2013-12-19 15:30:00+01:00,2901.16455078125,3150.5263671875,2847.692670353767,2987.3511323588555,2885.904872172402
2013-12-19 15:40:00+01:00,2752.326171875,2938.9462890625,2904.534929511666,2931.149743136618,2956.9202221527617
2013-12-19 15:50:00+01:00,2739.16064453125,3039.379150390625,2834.1229838173012,2873.3368702554576,2862.689343218595
2013-12-19 16:00:00+01:00,2807.927001953125,3118.208251953125,2809.959366205181,2824.2991843414043,2835.283617536162
2013-12-19 16:10:00+01:00,2584.6474609375,3213.4921875,2815.886793945926,2802.774772947106,2841.7549763978413
2013-12-19 16:20:00+01:00,2495.299560546875,3012.903564453125,2705.972322016945,2744.659863553275,2735.7793336763643
2013-12-19 16:30:00+01:00,2745.706787109375,2953.88720703125,2627.42961818142,2663.89155353086,2647.1830775026747
2013-12-19 16:40:00+01:00,2450.802734375,2920.78466796875,2689.5290785768498,2643.3182640975992,2718.384059007942
2013-12-19 16:50:00+01:00,2718.5146484375,2932.362060546875,2556.848002920003,2581.364397258411,2550.0293186648128
2013-12-19 17:00:00+01:00,2651.82421875,3075.209716796875,2638.375221329154,2573.8414937053617,2687.068789540345
2013-12-19 17:10:00+01:00,2449.53564453125,3023.214599609375,2606.293719788842,2571.319949380547,2643.98719933912
2013-12-19 17:20:00+01:00,2364.177001953125,2955.8095703125,2511.861634939638,2526.702682157604,2569.524230508964
2013-12-19 17:30:00+01:00,2622.1044921875,2909.4140625,2433.278544744056,2455.403025095621,2464.9487035739126
2013-12-19 17:40:00+01:00,2355.841064453125,2701.296875,2494.6871941221525,2439.7930084481804,2605.502046373294
2013-12-19 17:50:00+01:00,2382.001708984375,2824.24462890625,2379.547925892496,2388.62847524703,2428.366093499149
2013-12-19 18:00:00+01:00,2420.424560546875,2610.159423828125,2364.9182668263015,2340.2622453068066,2462.1329401842554
2013-12-19 18:10:00+01:00,2299.236328125,2438.946533203125,2356.249381752776,2308.330438747699,2429.8381202428127
2013-12-19 18:20:00+01:00,2240.367431640625,2638.44189453125,2291.606960155435,2261.6888844315913,2347.89628126633
2013-12-19 18:30:00+01:00,2492.787109375,2572.8603515625,2237.0117235075504,2205.907756198035,2295.16009930207
2013-12-19 18:40:00+01:00,2202.007080078125,2564.826904296875,2302.6122874562925,2206.617872360371,2405.39352687315
2013-12-19 18:50:00+01:00,2133.373779296875,2356.01953125,2177.2811003482484,2167.7524014245596,2213.162153442683
2013-12-19 19:00:00+01:00,2326.3212890625,2361.87744140625,2108.032159422793,2108.7222442683337,2163.8217571075384
2013-12-19 19:10:00+01:00,1970.2568359375,2249.489990234375,2133.709197408391,2091.452759648039,2223.0931922286422
2013-12-19 19:20:00+01:00,1808.830810546875,2056.95068359375,1965.827319168304,2017.0716242887595,2021.3990071837516
2013-12-19 19:30:00+01:00,1778.773193359375,2078.265869140625,1837.1701759587133,1903.5323793891282,1893.6670038664458
2013-12-19 19:40:00+01:00,1635.7877197265625,2282.870361328125,1742.9208086927592,1793.7397893264147,1818.4254828855198
2013-12-19 19:50:00+01:00,1787.263671875,2069.83203125,1608.2322185450403,1676.3330225159814,1654.1278783611845
2013-12-19 20:00:00+01:00,1440.888671875,1856.33984375,1588.7131789734765,1613.8533680467553,1715.7124994247927
2013-12-19 20:10:00+01:00,1445.564453125,1593.684814453125,1395.990548188008,1509.1093720111146,1472.1720867349761
2013-12-19 20:20:00+01:00,1165.5589599609375,1380.718505859375,1318.1419651713225,1418.32648188932,1424.9584213813564
2013-12-19 20:30:00+01:00,983.6175537109375,1368.4241943359375,1138.3249569141515,1288.6414477429878,1220.956965432335
2013-12-19 20:40:00+01:00,1067.572509765625,1136.792236328125,991.990749411758,1136.8133120634047,1075.7578908725493
2013-12-19 20:50:00+01:00,1064.6181640625,1057.044921875,962.4055467992132,1037.266976311985,1069.7371824260135
2013-12-19 21:00:00+01:00,953.1277465820312,952.50830078125,938.7659594737851,974.291014566785,1046.8070433076496
2013-12-19 21:10:00+01:00,991.1119384765625,885.5504150390625,898.851655300088,914.4966595907516,959.8751552273111
2013-12-19 21:20:00+01:00,837.1151733398438,945.303955078125,915.8966529442783,878.2075967993051,940.6315353668152
2013-12-19 21:30:00+01:00,743.827880859375,955.264404296875,858.5925758349808,824.8220701081444,836.9414763084822
2013-12-19 21:40:00+01:00,719.1316528320312,908.5028686523438,800.7670979947059,759.881568702451,770.7384403580343
2013-12-19 21:50:00+01:00,640.9126586914062,948.1962280273438,753.101881525906,702.2166335350345,715.3839775690428
2013-12-19 22:00:00+01:00,713.2597045898438,824.9544067382812,676.5863392039569,643.493341174437,649.9120151594932
2013-12-19 22:10:00+01:00,645.8009643554688,795.2902221679688,659.4035377187957,613.7488966068445,671.1615811159646
2013-12-19 22:20:00+01:00,572.827392578125,611.8898315429688,599.4691027397591,584.8900727116601,605.1214244784551
2013-12-19 22:30:00+01:00,602.1082763671875,578.93310546875,540.037226797463,549.4702473505324,557.3318703273276
2013-12-19 22:40:00+01:00,612.7760620117188,579.7583618164062,521.7010818470943,527.1298824114322,574.1583173488395
2013-12-19 22:50:00+01:00,511.6283874511719,505.0706787109375,511.07285098497266,514.6946908793235,541.0933424858376
2013-12-19 23:00:00+01:00,441.1131591796875,457.7309875488281,470.99180451792637,488.2321919208496,492.65089405456126
2013-12-19 23:10:00+01:00,420.68939208984375,554.7293701171875,434.71751302205536,450.97547056592236,440.52801887363427
2013-12-19 23:20:00+01:00,422.763916015625,463.8495178222656,413.4234737057681,416.8733722092761,415.95782015451954
2013-12-19 23:30:00+01:00,424.81378173828125,405.31707763671875,403.59745520060744,392.66788356180825,404.34608494096165
2013-12-19 23:40:00+01:00,384.1681213378906,362.2333068847656,397.8577562601517,377.25832979631207,394.4728282602642
2013-12-19 23:50:00+01:00,292.0899353027344,315.83978271484375,376.0253417262972,360.125112896214,364.85270889530756
2013-12-20 00:00:00+01:00,320.8548583984375,274.1596984863281,323.9240438462033,327.9399559900659,306.6458804036853
2013-12-20 00:10:00+01:00,295.08880615234375,267.61260986328125,314.1488395419378,308.53857035733677,316.7214522435194
2013-12-20 00:20:00+01:00,295.93072509765625,269.434814453125,286.67239959122026,291.1006283597302,290.98978428600145
2013-12-20 00:30:00+01:00,256.0935363769531,251.599365234375,272.46636657103795,279.2747258490847,280.15750068400195
2013-12-20 00:40:00+01:00,206.02027893066406,241.1107635498047,244.61751661722099,263.69696503685736,254.7968735017826
2013-12-20 00:50:00+01:00,217.92495727539062,217.61387634277344,210.62514233309054,241.04714704208942,220.78118104289024
2013-12-20 01:00:00+01:00,242.26107788085938,203.93836975097656,200.55709982984604,226.69525896056192,224.19948419806988
2013-12-20 01:10:00+01:00,174.30728149414062,204.19021606445312,200.9298178243432,222.25705635632372,228.11510986360597
2013-12-20 01:20:00+01:00,178.3625030517578,169.83192443847656,173.53515197797506,206.4711996005829,185.70637530675276
2013-12-20 01:30:00+01:00,175.1463165283203,162.96949768066406,169.62300685362536,195.02890692633,189.4380288624245
2013-12-20 01:40:00+01:00,152.33877563476562,188.53651428222656,164.7802114196097,186.6229694814254,177.7751992960218
2013-12-20 01:50:00+01:00,180.4087371826172,145.82473754882812,154.21301753430083,176.1031952267336,170.25681110859838
2013-12-20 02:00:00+01:00,171.04824829101562,147.122802734375,163.1304188165406,174.31365182215865,181.29341195582228
2013-12-20 02:10:00+01:00,161.85028076171875,160.853271484375,160.6986041405658,172.33358229479478,166.66099595627114
2013-12-20 02:20:00+01:00,185.7802734375,167.06288146972656,157.3876460724013,169.1524012307365,169.05123727844406
2013-12-20 02:30:00+01:00,189.96630859375,144.11837768554688,165.26207095838788,171.54498514219918,180.84190963008277
2013-12-20 02:40:00+01:00,159.5286407470703,168.7206573486328,168.1850160456653,174.99800465833678,176.2024061322083
2013-12-20 02:50:00+01:00,174.6531982421875,163.07359313964844,158.17340141504874,171.47475693696157,165.90122701216765
2013-12-20 03:00:00+01:00,173.67648315429688,140.69020080566406,162.95415790821397,171.28341759802342,172.79779485856918
2013-12-20 03:10:00+01:00,210.40673828125,169.99310302734375,163.56720945554505,171.3396152759006,165.30104593128146
2013-12-20 03:20:00+01:00,215.7389678955078,146.30841064453125,180.79943045512343,178.94142863124185,195.10336271266493
2013-12-20 03:30:00+01:00,178.25209045410156,139.7334442138672,191.14109290504422,187.41689001147546,195.36026664183424
2013-12-20 03:40:00+01:00,188.9014434814453,157.53610229492188,183.65319707872558,186.43718990443904,181.46061227746924
2013-12-20 03:50:00+01:00,167.1031494140625,149.20889282226562,188.375094767107,186.9853614823178,191.06300737646512
2013-12-20 04:00:00+01:00,169.1982879638672,137.0398712158203,177.6132563300019,182.52840856512788,176.7510677339175
2013-12-20 04:10:00+01:00,178.67269897460938,161.4236297607422,174.48171592571134,179.27755298850894,178.57081772252585
2013-12-20 04:20:00+01:00,154.4512481689453,149.15988159179688,174.93543356125102,179.53136008729885,181.19288767325472
2013-12-20 04:30:00+01:00,164.45602416992188,137.69418334960938,163.42923141092976,174.71535073982153,170.43728304893202
2013-12-20 04:40:00+01:00,150.4501953125,167.3306121826172,165.21512955138886,173.40300929520205,183.10945723853706
2013-12-20 04:50:00+01:00,157.78347778320312,163.06259155273438,158.55902007407025,169.76415840419426,169.2903690285852
2013-12-20 05:00:00+01:00,150.8773193359375,148.1273651123047,160.94354298194008,168.99641031955576,174.8619448283624
2013-12-20 05:10:00+01:00,154.23660278320312,192.2841339111328,158.00251825401446,167.450464497237,165.9254818498759
2013-12-20 05:20:00+01:00,181.1986846923828,164.71340942382812,158.69653493779805,167.43875295601575,169.8978553824923
2013-12-20 05:30:00+01:00,191.88644409179688,144.27452087402344,169.19616001302566,174.44317634281015,183.1046977517995
2013-12-20 05:40:00+01:00,183.4331512451172,199.8321990966797,176.2535355763984,183.94881982846184,194.58635804660756
2013-12-20 05:50:00+01:00,154.46096801757812,156.33419799804688,177.03673383646355,190.5229835325134,194.35848081590882
2013-12-20 06:00:00+01:00,191.378662109375,143.32223510742188,166.6341529534363,187.96414725834913,178.93312903658344
2013-12-20 06:10:00+01:00,142.15965270996094,201.51145935058594,181.55871756009603,195.0416565737119,201.55548062051562
2013-12-20 06:20:00+01:00,163.771240234375,182.49237060546875,164.3979246389876,188.35618013805774,167.96777475342364
2013-12-20 06:30:00+01:00,186.41085815429688,133.89031982421875,175.12883757661388,188.41627162738544,192.58102336520543
2013-12-20 06:40:00+01:00,174.156494140625,189.73953247070312,189.08345857073218,195.73337793974673,190.88820876030601
2013-12-20 06:50:00+01:00,208.78216552734375,187.9349365234375,192.03852804037737,199.72870945356465,205.14183099529552
2013-12-20 07:00:00+01:00,232.60472106933594,209.46092224121094,213.60163699737893,212.34242941771944,233.59806882616004
2013-12-20 07:10:00+01:00,239.04327392578125,197.42626953125,232.6580411226706,230.76137533402618,251.44483575772438
2013-12-20 07:20:00+01:00,270.3587341308594,212.6368865966797,246.30704969053144,249.6070656265518,272.81271110911
2013-12-20 07:30:00+01:00,315.4996643066406,216.06082153320312,269.74495051478937,274.78189022294174,308.3334264118261
2013-12-20 07:40:00+01:00,319.7182312011719,261.43170166015625,302.54463937602605,310.15477872133124,329.95135736145545
2013-12-20 07:50:00+01:00,377.8523254394531,296.27099609375,325.7461139514922,344.51971814224254,366.0231287368999
2013-12-20 08:00:00+01:00,352.5507507324219,342.7618408203125,374.7193473410422,390.8897053395354,443.40255620949006
2013-12-20 08:10:00+01:00,383.3799133300781,346.69256591796875,394.7929839238168,425.2238528061381,420.34180996426386
2013-12-20 08:20:00+01:00,457.7913818359375,422.22979736328125,436.2195602103143,460.69166926701735,490.2204808151241
2013-12-20 08:30:00+01:00,519.1234741210938,488.46075439453125,499.0514290514589,512.0602772890619,549.9895723568509
2013-12-20 08:40:00+01:00,592.015625,604.733154296875,564.0753514153278,575.1027152810631,624.4956721277529
2013-12-20 08:50:00+01:00,682.5120239257812,607.3706665039062,638.0395450415576,650.3406964005296,717.2766103622216
2013-12-20 09:00:00+01:00,815.256591796875,717.0960693359375,720.8994179548575,739.998876701357,831.025509207693
2013-12-20 09:10:00+01:00,893.1666259765625,744.41259765625,825.4017578239614,852.3492719877241,949.9554713946812
2013-12-20 09:20:00+01:00,951.8005981445312,885.8692016601562,915.4363741732421,968.1961034907252,1054.6939138284608
2013-12-20 09:30:00+01:00,889.6657104492188,956.9749755859375,999.1735644924463,1073.3759134226843,1119.6030104148972
2013-12-20 09:40:00+01:00,1044.020751953125,974.4222412109375,1021.9492278504588,1125.215685797465,1101.0701864437046
2013-12-20 09:50:00+01:00,1141.5233154296875,1099.8968505859375,1129.0611912115464,1189.8996057049067,1222.005694572228
2013-12-20 10:00:00+01:00,1331.02197265625,1223.0264892578125,1225.8065238594868,1262.3323080273262,1270.5990572347398
2013-12-20 10:10:00+01:00,1221.1820068359375,1343.7740478515625,1381.0618085304357,1366.6712402227304,1443.1942920167571
2013-12-20 10:20:00+01:00,1363.394775390625,1372.371337890625,1415.1081672562495,1422.8878097749996,1392.3989026923605
2013-12-20 10:30:00+01:00,1549.3873291015625,1541.025390625,1538.3239124546624,1490.3225011944855,1545.2088081589945
2013-12-20 10:40:00+01:00,1544.8607177734375,1538.6103515625,1682.800746010611,1590.4935235549256,1668.1497650191654
2013-12-20 10:50:00+01:00,1697.7923583984375,1767.814453125,1753.9970576635958,1673.9770430990975,1765.7112091847107
2013-12-20 11:00:00+01:00,1738.7125244140625,1720.5001220703125,1881.7650527426745,1771.829520185898,1844.7335623991899
2013-12-20 11:10:00+01:00,1758.3699951171875,1655.2977294921875,1952.9620213891585,1859.7580608713513,1891.9269360583723
2013-12-20 11:20:00+01:00,1717.3818359375,1764.896240234375,1998.7419750705728,1926.808691424095,1949.3723545481619
2013-12-20 11:30:00+01:00,2046.75048828125,1819.634033203125,1991.6373994243181,1957.1665764636998,1932.836461102624
2013-12-20 11:40:00+01:00,1989.828857421875,2052.695556640625,2137.935460611374,2048.1140342464073,2085.3012786376585
2013-12-20 11:50:00+01:00,2381.0546875,2101.996826171875,2140.956087770945,2119.82801090808,2062.1376527849143
2013-12-20 12:00:00+01:00,2271.234619140625,2135.13525390625,2335.3756494495556,2260.0923961646636,2338.554292267456
2013-12-20 12:10:00+01:00,2400.478759765625,2269.46142578125,2351.6501693097903,2366.5022554291604,2293.5866689500353
2013-12-20 12:20:00+01:00,2226.8408203125,2298.472900390625,2456.602767258248,2468.5133392150356,2459.7890943155185
2013-12-20 12:30:00+01:00,2358.45166015625,2442.7431640625,2425.874347547879,2500.656446601093,2389.178670414144
2013-12-20 12:40:00+01:00,2492.56396484375,2534.780517578125,2507.4183805854495,2530.9935000103906,2508.596293870794
2013-12-20 12:50:00+01:00,2654.98828125,2562.87890625,2602.6374729876898,2579.841345254731,2552.949036921282
2013-12-20 13:00:00+01:00,2834.744140625,2649.3837890625,2732.2488808849253,2657.440923920736,2716.423743969609
2013-12-20 13:10:00+01:00,2796.336669921875,3079.733642578125,2882.785996484864,2766.595809933656,2801.3971822931635
2013-12-20 13:20:00+01:00,3057.389404296875,2879.3525390625,2939.6229535968528,2855.297714526725,2857.879791677518
2013-12-20 13:30:00+01:00,3188.34033203125,3051.982666015625,3094.4071254326655,2974.9042561430388,3004.708694966791
2013-12-20 13:40:00+01:00,3221.680908203125,3203.68798828125,3193.5456590678846,3107.0307620661915,3102.9749920264885
2013-12-20 13:50:00+01:00,3524.6064453125,3184.92041015625,3242.9888496660337,3222.8044970191327,3164.1067147270987
2013-12-20 14:00:00+01:00,3223.6044921875,3255.820068359375,3383.0703423636783,3370.937800450098,3365.5563430610046
2013-12-20 14:10:00+01:00,3420.880615234375,3134.402099609375,3282.3990897815875,3434.163463890723,3222.210199394399
2013-12-20 14:20:00+01:00,3430.33837890625,3258.15185546875,3344.184123029946,3494.520125237156,3373.233916942188
2013-12-20 14:30:00+01:00,3298.10986328125,3144.569091796875,3341.182672838276,3537.8849496564517,3363.6449453959067
2013-12-20 14:40:00+01:00,3026.86474609375,3201.75244140625,3291.829737082628,3532.4091608464832,3312.3696696650272
2013-12-20 14:50:00+01:00,3372.53271484375,2828.01220703125,3164.8969538003767,3443.4987730498474,3150.88546024791
2013-12-20 15:00:00+01:00,3101.176025390625,3105.19873046875,3280.1693250550347,3417.2323682830083,3307.8586539534226
2013-12-20 15:10:00+01:00,3045.33056640625,2825.02685546875,3187.1272637464954,3352.5132366823836,3122.9604695352764
2013-12-20 15:20:00+01:00,3055.931884765625,2680.8603515625,3164.6785074298664,3273.6680162031575,3133.0952249064176
2013-12-20 15:30:00+01:00,2986.764892578125,2901.16455078125,3155.524571980016,3206.4415990802527,3079.01988700331
2013-12-20 15:40:00+01:00,3136.2236328125,2752.326171875,3113.977258613381,3139.361907395261,3028.771721755224
2013-12-20 15:50:00+01:00,3131.083740234375,2739.16064453125,3161.132400618285,3117.0794737186015,3075.758713271029
2013-12-20 16:00:00+01:00,3260.10546875,2807.927001953125,3159.420486082009,3113.099144870902,3090.2214905964242
2013-12-20 16:10:00+01:00,3274.44482421875,2584.6474609375,3217.3287758945708,3143.02500393379,3150.8421465909682
2013-12-20 16:20:00+01:00,3278.255126953125,2495.299560546875,3238.9469437166736,3181.9595135494415,3180.337180029209
2013-12-20 16:30:00+01:00,3278.9111328125,2745.706787109375,3255.6317353388995,3216.33540622895,3168.038404748258
2013-12-20 16:40:00+01:00,3529.724609375,2450.802734375,3263.9031097772795,3240.0515974134605,3142.86544547283
2013-12-20 16:50:00+01:00,3394.1943359375,2718.5146484375,3372.9317006665447,3301.615648826154,3286.219290270588
2013-12-20 17:00:00+01:00,3234.20703125,2651.82421875,3346.2801778254793,3335.659501531568,3244.700685975163
2013-12-20 17:10:00+01:00,3389.943115234375,2449.53564453125,3279.849890444169,3316.904441418872,3146.7381996650724
2013-12-20 17:20:00+01:00,3076.820556640625,2364.177001953125,3312.1904311114868,3309.591962538089,3261.3035952902405
2013-12-20 17:30:00+01:00,3169.025634765625,2622.1044921875,3158.8517034308975,3236.980283079086,3102.3335356233915
2013-12-20 17:40:00+01:00,3152.813232421875,2355.841064453125,3146.7202761698245,3170.4233229885367,3137.86719958513
2013-12-20 17:50:00+01:00,2945.257080078125,2382.001708984375,3102.5124876560694,3110.670963963052,3063.0078088736636
2013-12-20 18:00:00+01:00,2751.24072265625,2420.424560546875,2988.498306932276,3018.730251845238,2963.3690130486234
2013-12-20 18:10:00+01:00,2526.08642578125,2299.236328125,2854.7083842688835,2889.8355187597112,2799.3861704043215
2013-12-20 18:20:00+01:00,2513.1201171875,2240.367431640625,2681.1514608645634,2721.9239706018225,2677.4250200629235
2013-12-20 18:30:00+01:00,2452.489013671875,2492.787109375,2582.8915549080825,2570.403827372391,2597.426189743751
2013-12-20 18:40:00+01:00,2226.294921875,2202.007080078125,2475.7587415721296,2440.5126060241187,2476.1307337808084
2013-12-20 18:50:00+01:00,2231.854248046875,2133.373779296875,2304.541157675462,2296.200223281301,2308.935846600259
2013-12-20 19:00:00+01:00,2045.17236328125,2326.3212890625,2219.0166618863823,2179.4127578242606,2259.1433469438125
2013-12-20 19:10:00+01:00,1932.1817626953125,1970.2568359375,2065.0210947166183,2056.749516133277,2105.504689023503
2013-12-20 19:20:00+01:00,1809.0938720703125,1808.830810546875,1938.3811831679293,1935.2522369899596,1982.6106922010213
2013-12-20 19:30:00+01:00,1682.2747802734375,1778.773193359375,1806.3944490249332,1814.5752672925055,1854.290754930175
2013-12-20 19:40:00+01:00,1658.5394287109375,1635.7877197265625,1672.3138742744247,1693.9964446054457,1709.1461064626965
2013-12-20 19:50:00+01:00,1627.1317138671875,1787.263671875,1578.9673163426476,1595.7402893667186,1654.683764270126
2013-12-20 20:00:00+01:00,1571.787109375,1440.888671875,1491.0664125663193,1519.8545693995832,1570.5558208482776
2013-12-20 20:10:00+01:00,1417.9407958984375,1445.564453125,1402.4837314926353,1457.1985878360815,1514.3758467606663
2013-12-20 20:20:00+01:00,1296.30126953125,1165.5589599609375,1281.4628455728941,1381.846057865821,1393.767738470657
2013-12-20 20:30:00+01:00,1142.2091064453125,983.6175537109375,1171.2498340659142,1294.4187431040361,1300.7049919784542
2013-12-20 20:40:00+01:00,1166.740234375,1067.572509765625,1055.2248716583051,1189.725956413817,1164.119905961499
2013-12-20 20:50:00+01:00,1058.699951171875,1064.6181640625,1018.192020046475,1110.0180824564768,1157.6152878800845
2013-12-20 21:00:00+01:00,881.5584106445312,953.1277465820312,958.9884760870722,1032.783571684558,1064.3710047642126
2013-12-20 21:10:00+01:00,897.3151245117188,991.1119384765625,877.9673384653909,936.8323777345489,914.3636815310607
2013-12-20 21:20:00+01:00,777.023681640625,837.1151733398438,865.3400229012944,863.9853958438222,895.5451010858483
2013-12-20 21:30:00+01:00,764.11474609375,743.827880859375,802.0192838990362,788.8255056850583,789.9275957189368
2013-12-20 21:40:00+01:00,716.7286376953125,719.1316528320312,772.7577423331077,729.9276108366628,764.1118431773286
2013-12-20 21:50:00+01:00,641.441162109375,640.9126586914062,722.990754439112,679.7319097925825,702.2189298799556
2013-12-20 22:00:00+01:00,796.3833618164062,713.2597045898438,654.2053035733394,628.8865257331643,646.7591066486796
2013-12-20 22:10:00+01:00,612.7666015625,645.8009643554688,670.7332256613081,619.1220586157083,697.1576128603232
2013-12-20 22:20:00+01:00,640.7963256835938,572.827392578125,577.829571669126,587.0597181031388,590.7808986182717
2013-12-20 22:30:00+01:00,594.8789672851562,602.1082763671875,555.4731873765237,564.2082199213426,599.4986822270699
2013-12-20 22:40:00+01:00,603.3621215820312,612.7760620117188,514.0559613915333,539.2987960065379,545.3147951049245
2013-12-20 22:50:00+01:00,514.15771484375,511.6283874511719,501.22136597890113,521.5623242073477,545.361515106581
2013-12-20 23:00:00+01:00,460.3304748535156,441.1131591796875,462.13524398217965,492.1846060020448,483.78199745357233
2013-12-20 23:10:00+01:00,372.4422302246094,420.68939208984375,432.496934800224,456.91708766716164,442.8472796108336
2013-12-20 23:20:00+01:00,336.6106872558594,422.763916015625,384.3791121952805,410.53175980384856,377.75520453415635
2013-12-20 23:30:00+01:00,280.37225341796875,424.81378173828125,351.15054676266084,367.50183667237354,352.48077608057827
2013-12-20 23:40:00+01:00,322.41583251953125,384.1681213378906,307.3488855297478,325.03198821056685,294.9370864609474
2013-12-20 23:50:00+01:00,283.09521484375,292.0899353027344,305.1835405590073,304.35470932932554,315.80988012497835
2013-12-21 00:00:00+01:00,408.7940368652344,320.8548583984375,277.36223771355833,285.35237738958597,281.46267520769516
2013-12-21 00:10:00+01:00,251.38526916503906,295.08880615234375,311.5366086985148,294.0250066991823,340.5709047131642
2013-12-21 00:20:00+01:00,240.8942413330078,295.93072509765625,253.97104758246067,276.9493072488959,258.34578055336794
2013-12-21 00:30:00+01:00,218.96946716308594,256.0935363769531,235.44303385512595,258.8347900613722,254.38074566024864
2013-12-21 00:40:00+01:00,215.7742156982422,206.02027893066406,209.88946986370206,240.29953120471626,222.93880763106097
2013-12-21 00:50:00+01:00,185.72181701660156,217.92495727539062,194.98375727521733,226.22539673721985,214.5367853030939
2013-12-21 01:00:00+01:00,219.3843231201172,242.26107788085938,173.63987863352213,210.37776122071065,190.01418201785617
2013-12-21 01:10:00+01:00,211.2913360595703,174.30728149414062,177.7142915951314,205.89173719013468,209.28991721370681
2013-12-21 01:20:00+01:00,178.29421997070312,178.3625030517578,173.8361742293609,202.78667692831613,193.55860488713898
2013-12-21 01:30:00+01:00,155.89794921875,175.1463165283203,163.06720577249115,194.22139850495185,190.7365513893578
2013-12-21 01:40:00+01:00,151.62741088867188,152.33877563476562,152.60233053263153,182.39942774208126,166.8206892569397
2013-12-21 01:50:00+01:00,149.15113830566406,180.4087371826172,147.4805152259472,172.5813447647993,163.00765078512202
2013-12-21 02:00:00+01:00,150.27456665039062,171.04824829101562,143.80590038397216,165.27543390148023,157.08177425913524
2013-12-21 02:10:00+01:00,152.6425018310547,161.85028076171875,142.3618169896193,160.678686268375,156.77058931684155
2013-12-21 02:20:00+01:00,146.28990173339844,185.7802734375,141.91185131237535,158.29912991546948,153.6995788510968
2013-12-21 02:30:00+01:00,124.00859832763672,189.96630859375,138.29589103397004,155.60462757549115,152.63441011564262
2013-12-21 02:40:00+01:00,140.75584411621094,159.5286407470703,127.01757936964464,148.64292467697155,140.2656152846983
2013-12-21 02:50:00+01:00,125.73199462890625,174.6531982421875,129.89219536827562,146.9447395710616,145.43410752486665
2013-12-21 03:00:00+01:00,123.58930969238281,173.67648315429688,122.89406693991768,142.96808484508426,132.30233503071668
2013-12-21 03:10:00+01:00,146.92788696289062,210.40673828125,121.16657587589313,139.45462204985495,135.83137300686337
2013-12-21 03:20:00+01:00,124.3835678100586,215.7389678955078,130.29963624874705,141.9430002684631,141.89335540543053
2013-12-21 03:30:00+01:00,133.6364288330078,178.25209045410156,124.66684973470845,139.69397457083159,131.47224468869507
2013-12-21 03:40:00+01:00,151.06849670410156,188.9014434814453,129.33729649841408,139.72573650470957,142.0245540425211
2013-12-21 03:50:00+01:00,124.37742614746094,167.1031494140625,137.19440425122679,143.72670385486387,143.38926587542977
2013-12-21 04:00:00+01:00,127.79239654541016,169.1982879638672,128.5851208905722,141.40946013192433,132.2748960471594
2013-12-21 04:10:00+01:00,139.4591827392578,178.67269897460938,128.34810648226042,139.95674768541562,137.49947909171604
2013-12-21 04:20:00+01:00,113.93146514892578,154.4512481689453,131.27329133105513,141.68238715117593,137.69882742592534
2013-12-21 04:30:00+01:00,122.5234603881836,164.45602416992188,120.77705525064296,137.3962309961932,128.24932001741422
2013-12-21 04:40:00+01:00,140.00160217285156,150.4501953125,122.61672585856402,135.94165173079543,139.37739864193523
2013-12-21 04:50:00+01:00,114.01265716552734,157.78347778320312,129.68746941173808,139.26505925319992,138.66261198450138
2013-12-21 05:00:00+01:00,134.5164794921875,150.8773193359375,121.77342429294416,136.33837128032133,132.74802387023132
2013-12-21 05:10:00+01:00,143.6350555419922,154.23660278320312,130.50329581865117,138.67281682797383,148.619308154916
2013-12-21 05:20:00+01:00,108.21251678466797,181.1986846923828,135.86678482052926,143.29354371926806,141.66227606396274
2013-12-21 05:30:00+01:00,125.43553161621094,191.88644409179688,122.45816368082298,138.44442212719073,132.111811509026
2013-12-21 05:40:00+01:00,124.96248626708984,183.4331512451172,126.8431406519312,138.62041327830818,146.0149675725526
2013-12-21 05:50:00+01:00,126.73487091064453,154.46096801757812,125.09824833894766,139.3241770507933,133.7942021346155
2013-12-21 06:00:00+01:00,122.21121215820312,191.378662109375,126.16366872275282,140.546422257456,147.9889273974221
2013-12-21 06:10:00+01:00,121.18921661376953,142.15965270996094,125.7976251478894,140.63816358631664,141.1545003988858
2013-12-21 06:20:00+01:00,108.1540298461914,163.771240234375,127.5766034536995,140.55928788964937,142.29871837858983
2013-12-21 06:30:00+01:00,142.08627319335938,186.41085815429688,124.24383280669092,137.17398456630656,140.65996137030314
2013-12-21 06:40:00+01:00,152.9930419921875,174.156494140625,141.5869393531898,142.99778414802682,159.75238442525063
2013-12-21 06:50:00+01:00,118.65697479248047,208.78216552734375,153.6724326250485,151.3362415278746,153.51069802327928
2013-12-21 07:00:00+01:00,147.3312530517578,232.60472106933594,145.52548187746024,149.62860014760446,153.09267565967298
2013-12-21 07:10:00+01:00,190.5124969482422,239.04327392578125,160.12906719254119,155.15021533057103,171.99411586927297
2013-12-21 07:20:00+01:00,157.0475311279297,270.3587341308594,182.3476977854357,170.6026044893216,199.42155378384106
2013-12-21 07:30:00+01:00,164.99595642089844,315.4996643066406,177.46864261344797,176.88735473819483,196.56488114949676
2013-12-21 07:40:00+01:00,186.3249053955078,319.7182312011719,185.92608218652498,183.46114757755305,212.44518333805343
2013-12-21 07:50:00+01:00,186.68719482421875,377.8523254394531,200.87685459899959,194.86563541509682,217.75643043527225
2013-12-21 08:00:00+01:00,205.5593719482422,352.5507507324219,211.2137383258392,205.33163511070305,241.56379629221394
2013-12-21 08:10:00+01:00,196.1885986328125,383.3799133300781,232.24287281965508,219.45041749707028,255.97977475393571
2013-12-21 08:20:00+01:00,191.4324188232422,457.7913818359375,241.71551392275396,229.4888327169028,249.47871940315216
2013-12-21 08:30:00+01:00,309.6654968261719,519.1234741210938,249.80279416906885,236.11230033801323,267.5667133171685
2013-12-21 08:40:00+01:00,279.31414794921875,592.015625,315.91747610522503,272.8834683213848,367.7715578219803
2013-12-21 08:50:00+01:00,268.8868408203125,682.5120239257812,327.1384944381112,303.0453014182759,333.95097015079017
2013-12-21 09:00:00+01:00,373.0303039550781,815.256591796875,338.64788226634414,325.23591054864687,373.1349826144712
2013-12-21 09:10:00+01:00,390.9395751953125,893.1666259765625,396.80835520517513,373.48366922004993,444.9405689296704
2013-12-21 09:20:00+01:00,502.5740966796875,951.8005981445312,425.6845948352007,425.55366919484754,483.9006085528439
2013-12-21 09:30:00+01:00,582.16015625,889.6657104492188,500.49431831491745,503.3309434205332,606.8188427083303
2013-12-21 09:40:00+01:00,601.1611328125,1044.020751953125,574.3798850596833,599.4063219428606,686.4745440565431
2013-12-21 09:50:00+01:00,754.6819458007812,1141.5233154296875,633.3443427835253,690.9217963612916,747.4709592292685
2013-12-21 10:00:00+01:00,991.058349609375,1331.02197265625,750.5002070933516,809.4544701367903,916.657090445822
2013-12-21 10:10:00+01:00,1191.5289306640625,1221.1820068359375,920.0896767687626,975.914627835783,1119.5039085167
2013-12-21 10:20:00+01:00,1183.1973876953125,1363.394775390625,1111.1080737240277,1175.653588273563,1278.6475185611985
2013-12-21 10:30:00+01:00,1464.5921630859375,1549.3873291015625,1236.8629362824502,1338.263590777196,1331.2079528692127
2013-12-21 10:40:00+01:00,1627.2996826171875,1544.8607177734375,1468.7972251156766,1523.5891662204563,1562.6402146789555
2013-12-21 10:50:00+01:00,1823.7962646484375,1697.7923583984375,1665.0485860725632,1705.7271907721008,1696.3280428099797
2013-12-21 11:00:00+01:00,1806.946044921875,1738.7125244140625,1882.5648012015554,1886.7901599277368,1975.4052384605268
2013-12-21 11:10:00+01:00,2013.1070556640625,1758.3699951171875,1997.3430161315816,2012.8489902711492,2024.0649697555955
2013-12-21 11:20:00+01:00,2429.833740234375,1717.3818359375,2176.1317545167362,2139.481392585441,2182.393961832548
2013-12-21 11:30:00+01:00,2454.531005859375,2046.75048828125,2442.7106771536655,2329.22900792418,2455.6401673924884
2013-12-21 11:40:00+01:00,2610.092529296875,1989.828857421875,2570.375662153208,2498.1630468901117,2516.4930043551526
2013-12-21 11:50:00+01:00,3039.940673828125,2381.0546875,2731.2335829359004,2659.366290945255,2600.675897406911
2013-12-21 12:00:00+01:00,3289.762451171875,2271.234619140625,2998.890610529958,2876.5577129509047,2930.3012920114597
2013-12-21 12:10:00+01:00,3277.990966796875,2400.478759765625,3231.5754291565568,3116.7439089715226,3135.0527253648193
2013-12-21 12:20:00+01:00,3280.968505859375,2226.8408203125,3373.917718894955,3311.822866661871,3190.8925873773696
2013-12-21 12:30:00+01:00,3712.048095703125,2358.45166015625,3492.423050622802,3450.1865383685176,3297.10401687691
2013-12-21 12:40:00+01:00,3323.2080078125,2492.56396484375,3781.3373529047944,3629.1521376781716,3576.621749523059
2013-12-21 12:50:00+01:00,3579.265625,2654.98828125,3739.0399561576282,3690.4105819593797,3445.0100788929135
2013-12-21 13:00:00+01:00,3672.2626953125,2834.744140625,3922.1752225858218,3754.822906402728,3623.707246414811
2013-12-21 13:10:00+01:00,3719.959228515625,2796.336669921875,4026.065553610002,3818.408857214319,3688.3267923038675
2013-12-21 13:20:00+01:00,3381.26708984375,3057.389404296875,4104.161896816122,3872.7860660550755,3852.9311163002403
2013-12-21 13:30:00+01:00,3742.53955078125,3188.34033203125,3959.3350460414076,3831.564178865234,3708.2299331039517
2013-12-21 13:40:00+01:00,3613.534423828125,3221.680908203125,4070.0206010852503,3845.545073839149,3958.7790015757087
2013-12-21 13:50:00+01:00,3626.544677734375,3524.6064453125,3972.2613292094015,3839.7270133794573,3826.441079970678
2013-12-21 14:00:00+01:00,3952.793212890625,3223.6044921875,3922.2692891231573,3828.9639920449745,3922.228029112727
2013-12-21 14:10:00+01:00,4221.10400390625,3420.880615234375,4004.876021201308,3885.423735214044,4083.558153599343
2013-12-21 14:20:00+01:00,4256.29150390625,3430.33837890625,4110.934989796481,4005.7951545640212,4283.6808379716995
2013-12-21 14:30:00+01:00,4343.9814453125,3298.10986328125,4166.867238487642,4134.48311905917,4328.68971393731
2013-12-21 14:40:00+01:00,4247.04736328125,3026.86474609375,4251.282197121387,4261.5418078268,4411.63434013274
2013-12-21 14:50:00+01:00,4482.81689453125,3372.53271484375,4264.095971619281,4344.092100241366,4327.127688948074
2013-12-21 15:00:00+01:00,4332.15478515625,3101.176025390625,4408.323620356681,4439.806567106499,4520.523965558294
2013-12-21 15:10:00+01:00,4579.6787109375,3045.33056640625,4415.420491129886,4486.963505894331,4372.43109847501
2013-12-21 15:20:00+01:00,4600.04443359375,3055.931884765625,4574.83634349048,4553.481992237769,4479.6869168777785
2013-12-21 15:30:00+01:00,4888.67431640625,2986.764892578125,4653.408857934558,4613.678973413208,4527.68694507764
2013-12-21 15:40:00+01:00,4814.12158203125,3136.2236328125,4841.2973531021935,4712.947306432804,4764.4958181136535
2013-12-21 15:50:00+01:00,5115.52978515625,3131.083740234375,4886.422014351297,4791.564067706498,4652.959070539057
2013-12-21 16:00:00+01:00,4931.1318359375,3260.10546875,5063.588934491215,4903.572317347132,4929.852318081906
2013-12-21 16:10:00+01:00,5197.42138671875,3274.44482421875,5042.160418823737,4969.680637318302,4846.554453941591
2013-12-21 16:20:00+01:00,5152.10107421875,3278.255126953125,5177.785638323256,5054.037671028169,5079.041586064844
2013-12-21 16:30:00+01:00,5161.93798828125,3278.9111328125,5193.551292158786,5116.2747282245045,5023.3194434361685
2013-12-21 16:40:00+01:00,5238.3193359375,3529.724609375,5220.463582187664,5155.787768993131,5046.708319792802
2013-12-21 16:50:00+01:00,5195.26953125,3394.1943359375,5259.702869963543,5187.928680325136,5131.556154597419
2013-12-21 17:00:00+01:00,5096.810546875,3234.20703125,5243.961676466671,5196.3865617978745,5136.548951569781
2013-12-21 17:10:00+01:00,4723.40576171875,3389.943115234375,5184.367929589027,5168.493284448899,5035.129809194336
2013-12-21 17:20:00+01:00,4707.66015625,3076.820556640625,4972.250154678359,5050.219088133974,4891.472654967851
2013-12-21 17:30:00+01:00,4619.04443359375,3169.025634765625,4865.0407381966315,4908.440863614305,4850.1128026117785
2013-12-21 17:40:00+01:00,4474.98681640625,3152.813232421875,4732.368113192207,4755.794440461701,4688.849951244384
2013-12-21 17:50:00+01:00,4293.826171875,2945.257080078125,4589.503049732571,4589.916039941216,4576.21114527532
2013-12-21 18:00:00+01:00,4229.71484375,2751.24072265625,4429.871660733572,4406.917791508777,4389.97514100509
2013-12-21 18:10:00+01:00,3847.863525390625,2526.08642578125,4314.319000389904,4232.727610542064,4237.972320495829
2013-12-21 18:20:00+01:00,3759.316162109375,2513.1201171875,4060.3739920282765,4012.5118396051553,3922.158635563822
2013-12-21 18:30:00+01:00,3328.40380859375,2452.489013671875,3898.746987075384,3796.3135354582405,3850.9190996799484
2013-12-21 18:40:00+01:00,3298.84130859375,2226.294921875,3578.5917611443315,3530.961402936743,3431.462052599352
2013-12-21 18:50:00+01:00,3376.93408203125,2231.854248046875,3407.5481582423154,3293.425456909246,3322.5278220506966
2013-12-21 19:00:00+01:00,3115.284912109375,2045.17236328125,3303.7942443387287,3123.1083909635117,3246.729218905913
2013-12-21 19:10:00+01:00,2839.473876953125,1932.1817626953125,3100.0931742087673,2958.7926550166544,3062.9090065297682
2013-12-21 19:20:00+01:00,2628.26025390625,1809.0938720703125,2878.9172997016394,2778.303020564225,2828.129399795817
2013-12-21 19:30:00+01:00,2649.7197265625,1682.2747802734375,2663.7968498722685,2589.36002337502,2633.4364177579005
2013-12-21 19:40:00+01:00,2409.682373046875,1658.5394287109375,2542.4040562523483,2441.260993238613,2582.855476640336
2013-12-21 19:50:00+01:00,2318.0322265625,1627.1317138671875,2334.7226355195567,2292.0603359942816,2363.314385002577
2013-12-21 20:00:00+01:00,2096.16259765625,1571.787109375,2178.1192760576664,2158.9512730333904,2242.3661826786943
2013-12-21 20:10:00+01:00,1898.7650146484375,1417.9407958984375,1971.5614671025776,2018.4168394808073,2038.4865483174756
2013-12-21 20:20:00+01:00,1636.9044189453125,1296.30126953125,1774.0526627452384,1869.4587094258188,1868.5207382662156
2013-12-21 20:30:00+01:00,1420.6627197265625,1142.2091064453125,1558.1922263106962,1699.282388673655,1653.7180658562888
2013-12-21 20:40:00+01:00,1195.5848388671875,1166.740234375,1369.733384374174,1518.4325899618907,1441.828087453334
2013-12-21 20:50:00+01:00,1291.73388671875,1058.699951171875,1193.1323354958085,1330.6168509591732,1257.0909464979081
2013-12-21 21:00:00+01:00,1121.3543701171875,881.5584106445312,1164.9781764191816,1210.5270438286482,1268.7080590785656
2013-12-21 21:10:00+01:00,1123.2999267578125,897.3151245117188,1075.4695199676707,1104.0186838005407,1124.7516138577978
2013-12-21 21:20:00+01:00,1009.4166870117188,777.023681640625,1060.5533922920413,1030.1461682248353,1099.328737154634
2013-12-21 21:30:00+01:00,1009.57373046875,764.11474609375,1003.3462089029365,961.0134405039139,1012.2269926837031
2013-12-21 21:40:00+01:00,845.9598999023438,716.7286376953125,981.0520254041261,910.3867576718878,989.8197060802731
2013-12-21 21:50:00+01:00,824.4451904296875,641.441162109375,881.0407930634553,843.5986137859195,862.3432928263985
2013-12-21 22:00:00+01:00,1049.986328125,796.3833618164062,819.049538173632,784.8797276207384,819.4339435868712
2013-12-21 22:10:00+01:00,899.431396484375,612.7666015625,849.4817714956448,780.5920191353783,851.2237436790476
2013-12-21 22:20:00+01:00,778.837158203125,640.7963256835938,773.2365599354966,765.8731010945586,799.6286412408875
2013-12-21 22:30:00+01:00,784.3657836914062,594.8789672851562,699.2558533746195,730.4535491890133,731.2066527865652
2013-12-21 22:40:00+01:00,847.2651977539062,603.3621215820312,664.8282717103083,698.7458396039552,707.878014564002
2013-12-21 22:50:00+01:00,807.6160278320312,514.15771484375,664.6748999376352,685.6397481659764,692.8351382515369
2013-12-21 23:00:00+01:00,717.5034790039062,460.3304748535156,651.1419432504157,673.2006495736246,671.1744764619933
2013-12-21 23:10:00+01:00,554.8814086914062,372.4422302246094,623.7861549103526,647.6175833876854,609.4484069660862
2013-12-21 23:20:00+01:00,431.04718017578125,336.6106872558594,555.2082632242536,590.9772761456251,507.4314860911305
2013-12-21 23:30:00+01:00,450.6121520996094,280.37225341796875,477.69597039138,513.6958595455353,445.14345310324546
2013-12-21 23:40:00+01:00,378.2580871582031,322.41583251953125,452.79283657234726,459.22589946640363,428.59369647857807
2013-12-21 23:50:00+01:00,413.0445861816406,283.09521484375,396.64991095661185,408.76317352812737,368.68141052924307
2013-12-22 00:00:00+01:00,416.82958984375,408.7940368652344,386.0445231238295,381.35852016688983,379.45152611593954
2013-12-22 00:10:00+01:00,471.0095520019531,251.38526916503906,370.1477509620062,366.4747692635683,370.0099382550789
2013-12-22 00:20:00+01:00,364.3125915527344,240.8942413330078,377.78849580377243,367.86334060012234,393.4804972675504
2013-12-22 00:30:00+01:00,317.0771789550781,218.96946716308594,333.47550055369925,353.2063385957661,355.1459172804223
2013-12-22 00:40:00+01:00,296.89959716796875,215.7742156982422,299.38447376878526,329.9345841788887,312.86991726253893
2013-12-22 00:50:00+01:00,202.74720764160156,185.72181701660156,272.07791861874523,306.7235592776317,278.77494047720575
2013-12-22 01:00:00+01:00,218.88101196289062,219.3843231201172,216.78574096551452,267.9448565420111,220.11779163828797
2013-12-22 01:10:00+01:00,220.17166137695312,211.2913360595703,204.27957478856624,243.2058484829186,221.0567376646451
2013-12-22 01:20:00+01:00,203.02659606933594,178.29421997070312,193.3258293679049,227.90652743817813,212.78343866348183
2013-12-22 01:30:00+01:00,209.57049560546875,155.89794921875,182.68792739615682,215.1779009626068,204.96158913663396
2013-12-22 01:40:00+01:00,187.7339630126953,151.62741088867188,182.93351167453918,208.0788211833463,206.89548969304286
2013-12-22 01:50:00+01:00,179.95672607421875,149.15113830566406,174.86484576223236,199.44778895825175,189.20553896666286
2013-12-22 02:00:00+01:00,176.4017791748047,150.27456665039062,170.61509334583653,191.53470106384836,187.056301594259
2013-12-22 02:10:00+01:00,158.61143493652344,152.6425018310547,166.8948445442638,185.1531188317828,179.47673932392064
2013-12-22 02:20:00+01:00,179.75340270996094,146.28990173339844,156.85290631876057,176.93961812448617,158.3317534044952
2013-12-22 02:30:00+01:00,155.42877197265625,124.00859832763672,160.87386663109362,175.1790381774429,172.86700043213716
2013-12-22 02:40:00+01:00,161.61683654785156,140.75584411621094,149.71203531724873,169.68227653731296,154.52902930817675
2013-12-22 02:50:00+01:00,163.42893981933594,125.73199462890625,149.34029347599153,166.67158117331311,163.42314905915717
2013-12-22 03:00:00+01:00,154.2881622314453,123.58930969238281,148.76723174019813,165.1385488658158,156.65464821401324
2013-12-22 03:10:00+01:00,142.01356506347656,146.92788696289062,145.88020529551983,162.3329375254621,154.9809971489308
2013-12-22 03:20:00+01:00,155.6812744140625,124.3835678100586,141.26112025090225,157.47859413993297,147.47451106665437
2013-12-22 03:30:00+01:00,147.1571807861328,133.6364288330078,146.2869080436016,156.67876071933392,153.48740630036636
2013-12-22 03:40:00+01:00,156.0391082763672,151.06849670410156,144.00075462642204,154.79922163948228,145.79314054746314
2013-12-22 03:50:00+01:00,151.3917236328125,124.37742614746094,147.8598659747134,155.31519317661034,156.5584065616279
2013-12-22 04:00:00+01:00,144.24456787109375,127.79239654541016,146.2805542043194,155.11633152455946,147.36328178171902
2013-12-22 04:10:00+01:00,145.34608459472656,139.4591827392578,142.5997073301129,153.43209202320378,148.44297400453178
2013-12-22 04:20:00+01:00,149.29714965820312,113.93146514892578,141.20877883036664,152.36624008054596,146.9919510599249
2013-12-22 04:30:00+01:00,156.2047576904297,122.5234603881836,141.77893579410798,152.6459076170871,149.56827556817066
2013-12-22 04:40:00+01:00,148.2244415283203,140.00160217285156,145.3104400173072,154.7141760258826,153.7452402071435
2013-12-22 04:50:00+01:00,137.28138732910156,114.01265716552734,144.5809504979068,154.94997214064003,152.3598130935222
2013-12-22 05:00:00+01:00,175.6871795654297,134.5164794921875,141.48896830176758,152.54572014244073,146.95373778456616
2013-12-22 05:10:00+01:00,188.88160705566406,143.6350555419922,157.24576076610012,159.1421288313807,171.1795575958837
2013-12-22 05:20:00+01:00,153.5230255126953,108.21251678466797,167.27082491530103,168.59426268338342,175.302701177076
2013-12-22 05:30:00+01:00,166.23944091796875,125.43553161621094,158.54274972239628,168.80777418993992,163.62493128159755
2013-12-22 05:40:00+01:00,139.73802185058594,124.96248626708984,163.0289714805225,171.28843408409028,171.41274423500195
2013-12-22 05:50:00+01:00,167.0637664794922,126.73487091064453,150.43767028648062,166.92203419575,155.30088011937596
2013-12-22 06:00:00+01:00,157.21971130371094,122.21121215820312,159.41498120505625,170.03081928751936,182.489632395447
2013-12-22 06:10:00+01:00,191.82171630859375,121.18921661376953,157.5018962055552,171.32451489176694,163.11698690213862
2013-12-22 06:20:00+01:00,174.4411163330078,108.1540298461914,175.90517706545165,180.87605641973119,193.45708485500958
2013-12-22 06:30:00+01:00,181.11990356445312,142.08627319335938,178.5246551675538,186.06002301522727,183.390785912417
2013-12-22 06:40:00+01:00,198.5891876220703,152.9930419921875,189.77068441931658,191.9036928570561,206.4558718776812
2013-12-22 06:50:00+01:00,175.94361877441406,118.65697479248047,205.1670163339,201.66839805601154,200.05745375298702
2013-12-22 07:00:00+01:00,185.95343017578125,147.3312530517578,202.73571650187458,204.52642430148222,200.75970802083148
2013-12-22 07:10:00+01:00,169.4521026611328,190.5124969482422,209.95308228405563,209.22180209220784,206.2842956489711
2013-12-22 07:20:00+01:00,143.36398315429688,157.0475311279297,202.7088816964962,208.8358142002924,204.81793478499856
2013-12-22 07:30:00+01:00,193.89926147460938,164.99595642089844,186.71520210092666,199.97346032626245,195.63963237523026
2013-12-22 07:40:00+01:00,184.47607421875,186.3249053955078,206.74247132668546,207.51450042357615,231.31801616594194
2013-12-22 07:50:00+01:00,240.3191375732422,186.68719482421875,207.63633519904974,213.48218956711955,225.57047584499827
2013-12-22 08:00:00+01:00,326.5225830078125,205.5593719482422,242.1384146840935,233.55999156829094,280.90545664343387
2013-12-22 08:10:00+01:00,215.69338989257812,196.1885986328125,298.9159762442593,274.23545420088163,320.3166098955189
2013-12-22 08:20:00+01:00,260.6025085449219,191.4324188232422,280.5287684825854,283.5869203841959,279.8334018559565
2013-12-22 08:30:00+01:00,264.789306640625,309.6654968261719,316.3776083390832,301.3475619687784,331.63198031014633
2013-12-22 08:40:00+01:00,250.56295776367188,279.31414794921875,329.37953071478563,318.5517553564101,315.44692263227984
2013-12-22 08:50:00+01:00,314.7869873046875,268.8868408203125,330.57710869080995,327.54039222453764,324.7305207618165
2013-12-22 09:00:00+01:00,313.99713134765625,373.0303039550781,366.4520496873316,353.78528298964125,392.28752810498054
2013-12-22 09:10:00+01:00,307.7366638183594,390.9395751953125,375.09963487113475,378.0822521777497,395.1792135868689
2013-12-22 09:20:00+01:00,368.32415771484375,502.5740966796875,379.1582955684487,395.42765798174435,429.3572216872526
2013-12-22 09:30:00+01:00,479.69915771484375,582.16015625,413.00333807167334,427.46348160471314,505.0198994783544
2013-12-22 09:40:00+01:00,485.3155212402344,601.1611328125,478.07645763054165,488.63191625659715,566.8489199539921
2013-12-22 09:50:00+01:00,637.4825439453125,754.6819458007812,515.1959135028414,548.0279953584031,630.5575346501398
2013-12-22 10:00:00+01:00,769.569580078125,991.058349609375,618.6783416656699,640.6883124489159,787.2107433968089
2013-12-22 10:10:00+01:00,1042.9388427734375,1191.5289306640625,731.9230069560884,762.3001948522143,908.9500470326755
2013-12-22 10:20:00+01:00,1120.0113525390625,1183.1973876953125,922.9640543547638,941.9695858136546,1146.4256120075147
2013-12-22 10:30:00+01:00,1506.157958984375,1464.5921630859375,1071.651654555402,1128.620644748608,1246.7905526730171
2013-12-22 10:40:00+01:00,1612.7490234375,1627.2996826171875,1349.5394175452773,1376.8513735755776,1507.4837620053784
2013-12-22 10:50:00+01:00,1948.46826171875,1823.7962646484375,1551.6005869985356,1617.403541813376,1612.8232110618032
2013-12-22 11:00:00+01:00,1964.9063720703125,1806.946044921875,1846.5009700565477,1880.4870565855551,1982.631474111837
2013-12-22 11:10:00+01:00,2264.958740234375,2013.1070556640625,2016.717501749888,2088.126092657192,2046.9596843381244
2013-12-22 11:20:00+01:00,2556.04248046875,2429.833740234375,2275.343900315369,2296.9712845373333,2370.3796423383906
2013-12-22 11:30:00+01:00,2781.13037109375,2454.531005859375,2526.688569607617,2518.0633294800036,2584.4752874074898
2013-12-22 11:40:00+01:00,2721.040771484375,2610.092529296875,2757.738820076607,2738.9157483443846,2776.5689564225286
2013-12-22 11:50:00+01:00,2945.8359375,3039.940673828125,2854.203228289694,2892.74134263543,2808.585866548561
2013-12-22 12:00:00+01:00,3088.5341796875,3289.762451171875,3028.0832332551026,3040.240757061911,3025.0111670362926
2013-12-22 12:10:00+01:00,3307.929443359375,3277.990966796875,3166.168423225075,3179.029783858508,3154.110782589801
2013-12-22 12:20:00+01:00,3401.137451171875,3280.968505859375,3349.303570677641,3328.5765872529328,3323.808260980786
2013-12-22 12:30:00+01:00,3480.995849609375,3712.048095703125,3497.9767524107656,3465.971113682294,3402.543898462582
2013-12-22 12:40:00+01:00,3382.059814453125,3323.2080078125,3643.6255512967455,3584.898737711937,3501.947467400376
2013-12-22 12:50:00+01:00,3540.379638671875,3579.265625,3697.581062050806,3646.6435192224094,3496.8409041484633
2013-12-22 13:00:00+01:00,3520.158935546875,3672.2626953125,3833.755994332062,3708.0013181630907,3659.8287980657947
2013-12-22 13:10:00+01:00,3635.412353515625,3719.959228515625,3881.997506397589,3745.237110578321,3624.3903706081487
2013-12-22 13:20:00+01:00,3604.935546875,3381.26708984375,3967.728855668657,3787.511444519122,3761.2678409187133
2013-12-22 13:30:00+01:00,3322.6201171875,3742.53955078125,3967.7057221469368,3811.36440526693,3790.0690459695784
2013-12-22 13:40:00+01:00,3709.6123046875,3613.534423828125,3809.1760710040735,3755.8553163846063,3670.295338006783
2013-12-22 13:50:00+01:00,3698.952880859375,3626.544677734375,3903.849203173092,3769.3974046591916,3862.802991671717
2013-12-22 14:00:00+01:00,3807.01953125,3952.793212890625,3856.045058246771,3794.971466339624,3887.788690641429
2013-12-22 14:10:00+01:00,3881.281982421875,4221.10400390625,3869.7087610252993,3841.35518268917,4021.3709169121435
2013-12-22 14:20:00+01:00,4090.78125,4256.29150390625,3877.8897873661194,3900.9759193874834,4033.5643926437388
2013-12-22 14:30:00+01:00,4110.3505859375,4343.9814453125,3960.7140347309482,3996.0158272931985,4206.80791163202
2013-12-22 14:40:00+01:00,4074.694091796875,4247.04736328125,4000.123042637208,4088.8189535300685,4216.824631654328
2013-12-22 14:50:00+01:00,3939.663330078125,4482.81689453125,4027.37453334665,4155.242273671214,4199.3791378718415
2013-12-22 15:00:00+01:00,4441.4775390625,4332.15478515625,4005.3114608078467,4168.659580328,4140.295756685951
2013-12-22 15:10:00+01:00,4475.81494140625,4579.6787109375,4240.581506034542,4258.5473209078955,4410.856902634744
2013-12-22 15:20:00+01:00,4638.5595703125,4600.04443359375,4348.729651471138,4361.565198150017,4406.13099106861
2013-12-22 15:30:00+01:00,4911.65380859375,4888.67431640625,4517.271563276702,4481.241184442553,4586.147212153045
2013-12-22 15:40:00+01:00,4693.61767578125,4814.12158203125,4726.01787060765,4636.2838861653,4701.130459862371
2013-12-22 15:50:00+01:00,4772.3212890625,5115.52978515625,4734.339044751722,4733.510667730436,4650.326229479629
2013-12-22 16:00:00+01:00,4917.9443359375,4931.1318359375,4807.760948541314,4804.3724448876255,4747.284675803164
2013-12-22 16:10:00+01:00,5202.03662109375,5197.42138671875,4889.239839064585,4874.95516447013,4791.6449268826345
2013-12-22 16:20:00+01:00,5496.4404296875,5152.10107421875,5041.431201491487,4980.027582092384,5032.252687993672
2013-12-22 16:30:00+01:00,5148.8115234375,5161.93798828125,5229.311467997792,5128.528327750096,5227.961558336599
2013-12-22 16:40:00+01:00,5170.47265625,5238.3193359375,5171.529901543548,5200.658889152483,5114.4765908755035
2013-12-22 16:50:00+01:00,5197.56884765625,5195.26953125,5195.897772318411,5231.453154332882,5228.4894895174075
2013-12-22 17:00:00+01:00,5111.87646484375,5096.810546875,5193.748966460883,5238.18100619187,5186.1653553078595
2013-12-22 17:10:00+01:00,5203.03173828125,4723.40576171875,5137.828208989107,5208.982273813292,5136.9222438797315
2013-12-22 17:20:00+01:00,4704.4345703125,4707.66015625,5139.752547315916,5180.214855052684,5157.92330626808
2013-12-22 17:30:00+01:00,4574.6064453125,4619.04443359375,4889.553347811741,5050.211528085123,4865.628295642006
2013-12-22 17:40:00+01:00,4689.8671875,4474.98681640625,4736.217560295137,4872.887025439077,4784.08202639046
2013-12-22 17:50:00+01:00,4508.65771484375,4293.826171875,4681.589196445496,4723.473955579488,4738.05113236193
2013-12-22 18:00:00+01:00,4076.4365234375,4229.71484375,4542.4188805716985,4566.534616136924,4540.949289833166
2013-12-22 18:10:00+01:00,3945.8662109375,3847.863525390625,4285.644492775535,4343.325971538282,4220.943115170825
2013-12-22 18:20:00+01:00,3792.10986328125,3759.316162109375,4110.0037012698385,4107.25274901631,4030.730611166931
2013-12-22 18:30:00+01:00,3426.213623046875,3328.40380859375,3917.4652103974086,3874.039651034813,3875.987254821248
2013-12-22 18:40:00+01:00,3258.949951171875,3298.84130859375,3630.3078932148856,3607.6031874145247,3537.1372485001975
2013-12-22 18:50:00+01:00,3132.630615234375,3376.93408203125,3404.576634984445,3346.119943480933,3318.5255064248972
2013-12-22 19:00:00+01:00,2755.733154296875,3115.284912109375,3200.9784814452905,3110.7738468533585,3084.1137346858204
2013-12-22 19:10:00+01:00,2439.4658203125,2839.473876953125,2903.419557353249,2854.7292012515622,2825.964192302572
2013-12-22 19:20:00+01:00,2133.3720703125,2628.26025390625,2613.80253642939,2581.591210747695,2554.2562991747322
2013-12-22 19:30:00+01:00,1886.34033203125,2649.7197265625,2316.343111115376,2299.2397007940804,2243.7859806497795
2013-12-22 19:40:00+01:00,1736.26220703125,2409.682373046875,2042.591411589317,2027.5054496493146,1971.1336044602585
2013-12-22 19:50:00+01:00,1414.5423583984375,2318.0322265625,1819.4608500974362,1793.6574973541065,1787.4498625191914
2013-12-22 20:00:00+01:00,1426.41162109375,2096.16259765625,1535.0606289160335,1559.8555446772543,1521.4717080340918
2013-12-22 20:10:00+01:00,1313.543212890625,1898.7650146484375,1398.3192610148988,1391.7265952866633,1455.3045547839592
2013-12-22 20:20:00+01:00,1210.7015380859375,1636.9044189453125,1244.254445711919,1261.8830213728654,1325.536978347177
2013-12-22 20:30:00+01:00,1004.9642944335938,1420.6627197265625,1120.8446167159154,1157.2506376911435,1225.213134085667
2013-12-22 20:40:00+01:00,878.2758178710938,1195.5848388671875,974.1603272792877,1045.6006281864734,1064.0102335478377
2013-12-22 20:50:00+01:00,916.8409423828125,1291.73388671875,864.6698218590682,935.3416043705614,954.9898473892962
2013-12-22 21:00:00+01:00,756.344482421875,1121.3543701171875,835.93918184889,861.7535113649516,948.6465312197035
2013-12-22 21:10:00+01:00,573.8009643554688,1123.2999267578125,754.8402794508098,782.0051149407237,815.0374817768092
2013-12-22 21:20:00+01:00,561.53125,1009.4166870117188,652.9283950885756,681.3728694700641,665.5258921599168
2013-12-22 21:30:00+01:00,604.3314208984375,1009.57373046875,610.6605326879647,601.9124463966173,636.9608395388367
2013-12-22 21:40:00+01:00,415.2735900878906,845.9598999023438,597.2651496175679,555.8352288409976,620.561305580601
2013-12-22 21:50:00+01:00,512.7651977539062,824.4451904296875,488.73618555701836,488.9904640011697,506.46850648606767
2013-12-22 22:00:00+01:00,696.9035034179688,1049.986328125,489.6078038765931,457.77399025553876,524.5319696427775
2013-12-22 22:10:00+01:00,547.447265625,899.431396484375,526.199769287591,469.3998385407305,544.9429616498375
2013-12-22 22:20:00+01:00,431.0218200683594,778.837158203125,472.94654567763246,465.46903897425625,501.54426209814017
2013-12-22 22:30:00+01:00,381.1056213378906,784.3657836914062,413.03268659043164,438.0519050565187,438.37054453924554
2013-12-22 22:40:00+01:00,402.6502685546875,847.2651977539062,365.88604675172746,401.9056455966543,387.699146684142
2013-12-22 22:50:00+01:00,363.7020568847656,807.6160278320312,350.746848007,377.3685098582694,378.449850398498
2013-12-22 23:00:00+01:00,364.7059631347656,717.5034790039062,325.5921419025253,353.4790283905808,351.3726714899527
2013-12-22 23:10:00+01:00,293.626708984375,554.8814086914062,319.7866132641414,336.6990152326146,332.452440688151
2013-12-22 23:20:00+01:00,271.79803466796875,431.04718017578125,288.9118191706025,311.5102816067765,299.9020884637283
2013-12-22 23:30:00+01:00,254.0023651123047,450.6121520996094,271.2394784706814,287.7238791662647,299.524846689582
2013-12-22 23:40:00+01:00,280.69329833984375,378.2580871582031,253.34974162693393,267.10919996925435,267.3567539941882
2013-12-22 23:50:00+01:00,230.58522033691406,413.0445861816406,254.12168437247038,258.06804394002427,276.29238727991213
